spikes,type,rep,pulse_width,isi,n_pulses,expt,cell
1109.96666666666,pulse,1,20,NaN,NaN,pinp,1
1419.6,pulse,1,20,NaN,NaN,pinp,1
-444.533333333334,pulse,2,20,NaN,NaN,pinp,1
-399.966666666667,pulse,2,20,NaN,NaN,pinp,1
-341.766666666667,pulse,2,20,NaN,NaN,pinp,1
-288.8,pulse,2,20,NaN,NaN,pinp,1
126.833333333333,pulse,2,20,NaN,NaN,pinp,1
734.233333333333,pulse,2,20,NaN,NaN,pinp,1
737.733333333333,pulse,2,20,NaN,NaN,pinp,1
792.533333333333,pulse,2,20,NaN,NaN,pinp,1
1106.63333333333,pulse,2,20,NaN,NaN,pinp,1
1460.8,pulse,2,20,NaN,NaN,pinp,1
1608.83333333333,pulse,2,20,NaN,NaN,pinp,1
-577.733333333338,pulse,3,20,NaN,NaN,pinp,1
-339.566666666672,pulse,3,20,NaN,NaN,pinp,1
-310.066666666671,pulse,3,20,NaN,NaN,pinp,1
-256.133333333338,pulse,3,20,NaN,NaN,pinp,1
-71.7333333333379,pulse,3,20,NaN,NaN,pinp,1
104.066666666661,pulse,3,20,NaN,NaN,pinp,1
160.033333333329,pulse,3,20,NaN,NaN,pinp,1
519.566666666663,pulse,3,20,NaN,NaN,pinp,1
702.699999999995,pulse,3,20,NaN,NaN,pinp,1
733.699999999995,pulse,3,20,NaN,NaN,pinp,1
742.533333333329,pulse,3,20,NaN,NaN,pinp,1
892.633333333329,pulse,3,20,NaN,NaN,pinp,1
908.099999999996,pulse,3,20,NaN,NaN,pinp,1
1063.6,pulse,3,20,NaN,NaN,pinp,1
1604.9,pulse,3,20,NaN,NaN,pinp,1
-587.266666666663,pulse,4,20,NaN,NaN,pinp,1
155.433333333336,pulse,4,20,NaN,NaN,pinp,1
396.366666666671,pulse,4,20,NaN,NaN,pinp,1
411.333333333337,pulse,4,20,NaN,NaN,pinp,1
550.86666666667,pulse,4,20,NaN,NaN,pinp,1
1083.9,pulse,4,20,NaN,NaN,pinp,1
1150.6,pulse,4,20,NaN,NaN,pinp,1
1183.46666666667,pulse,4,20,NaN,NaN,pinp,1
1700.46666666667,pulse,4,20,NaN,NaN,pinp,1
-507.500000000007,pulse,5,20,NaN,NaN,pinp,1
-359.366666666675,pulse,5,20,NaN,NaN,pinp,1
-183.833333333341,pulse,5,20,NaN,NaN,pinp,1
105.966666666658,pulse,5,20,NaN,NaN,pinp,1
696.799999999993,pulse,5,20,NaN,NaN,pinp,1
758.599999999992,pulse,5,20,NaN,NaN,pinp,1
1170.63333333333,pulse,5,20,NaN,NaN,pinp,1
1229.16666666666,pulse,5,20,NaN,NaN,pinp,1
1282.79999999999,pulse,5,20,NaN,NaN,pinp,1
1460.36666666666,pulse,5,20,NaN,NaN,pinp,1
-365.666666666666,pulse,6,20,NaN,NaN,pinp,1
-193.166666666665,pulse,6,20,NaN,NaN,pinp,1
-46.9999999999988,pulse,6,20,NaN,NaN,pinp,1
89.8666666666674,pulse,6,20,NaN,NaN,pinp,1
116.866666666668,pulse,6,20,NaN,NaN,pinp,1
336.933333333334,pulse,6,20,NaN,NaN,pinp,1
559.000000000001,pulse,6,20,NaN,NaN,pinp,1
650.233333333334,pulse,6,20,NaN,NaN,pinp,1
1002.53333333333,pulse,6,20,NaN,NaN,pinp,1
1120.96666666667,pulse,6,20,NaN,NaN,pinp,1
1256.93333333334,pulse,6,20,NaN,NaN,pinp,1
1501.9,pulse,6,20,NaN,NaN,pinp,1
-65.2000000000044,pulse,7,20,NaN,NaN,pinp,1
127.299999999995,pulse,7,20,NaN,NaN,pinp,1
128.766666666664,pulse,7,20,NaN,NaN,pinp,1
161.399999999997,pulse,7,20,NaN,NaN,pinp,1
185.533333333328,pulse,7,20,NaN,NaN,pinp,1
206.933333333328,pulse,7,20,NaN,NaN,pinp,1
337.199999999996,pulse,7,20,NaN,NaN,pinp,1
385.033333333329,pulse,7,20,NaN,NaN,pinp,1
522.133333333329,pulse,7,20,NaN,NaN,pinp,1
1496.63333333333,pulse,7,20,NaN,NaN,pinp,1
1795.23333333333,pulse,7,20,NaN,NaN,pinp,1
-380.899999999997,pulse,8,20,NaN,NaN,pinp,1
-158.266666666663,pulse,8,20,NaN,NaN,pinp,1
1727.6,pulse,8,20,NaN,NaN,pinp,1
1737.8,pulse,8,20,NaN,NaN,pinp,1
-453.633333333336,pulse,9,20,NaN,NaN,pinp,1
-443.433333333335,pulse,9,20,NaN,NaN,pinp,1
588.63333333333,pulse,9,20,NaN,NaN,pinp,1
778.8,pulse,9,20,NaN,NaN,pinp,1
1570.73333333333,pulse,9,20,NaN,NaN,pinp,1
82.6666666666682,pulse,10,20,NaN,NaN,pinp,1
235.266666666668,pulse,10,20,NaN,NaN,pinp,1
473.633333333332,pulse,10,20,NaN,NaN,pinp,1
817.333333333334,pulse,10,20,NaN,NaN,pinp,1
846.433333333334,pulse,10,20,NaN,NaN,pinp,1
1757.2,pulse,10,20,NaN,NaN,pinp,1
-424.066666666672,pulse,11,20,NaN,NaN,pinp,1
-236.83333333334,pulse,11,20,NaN,NaN,pinp,1
-150.933333333338,pulse,11,20,NaN,NaN,pinp,1
215.366666666661,pulse,11,20,NaN,NaN,pinp,1
1291.53333333333,pulse,11,20,NaN,NaN,pinp,1
1683.13333333333,pulse,11,20,NaN,NaN,pinp,1
-514.133333333337,pulse,12,20,NaN,NaN,pinp,1
130.699999999997,pulse,12,20,NaN,NaN,pinp,1
742.63333333333,pulse,12,20,NaN,NaN,pinp,1
-242.933333333337,pulse,13,20,NaN,NaN,pinp,1
898.633333333333,pulse,13,20,NaN,NaN,pinp,1
1239.43333333333,pulse,13,20,NaN,NaN,pinp,1
1485.6,pulse,13,20,NaN,NaN,pinp,1
100.866666666661,pulse,14,20,NaN,NaN,pinp,1
117.399999999989,pulse,14,20,NaN,NaN,pinp,1
827.899999999993,pulse,14,20,NaN,NaN,pinp,1
1701.26666666665,pulse,14,20,NaN,NaN,pinp,1
-490.866666666676,pulse,15,20,NaN,NaN,pinp,1
-15.8333333333402,pulse,15,20,NaN,NaN,pinp,1
540.46666666666,pulse,15,20,NaN,NaN,pinp,1
1267.83333333333,pulse,15,20,NaN,NaN,pinp,1
1609.53333333332,pulse,15,20,NaN,NaN,pinp,1
-550.333333333334,pulse,16,20,NaN,NaN,pinp,1
-174.33333333333,pulse,16,20,NaN,NaN,pinp,1
-129.233333333332,pulse,16,20,NaN,NaN,pinp,1
206.099999999992,pulse,17,20,NaN,NaN,pinp,1
1104.29999999999,pulse,17,20,NaN,NaN,pinp,1
133.100000000006,pulse,18,20,NaN,NaN,pinp,1
315.433333333338,pulse,18,20,NaN,NaN,pinp,1
757.533333333335,pulse,18,20,NaN,NaN,pinp,1
924.76666666667,pulse,18,20,NaN,NaN,pinp,1
275.133333333329,pulse,19,20,NaN,NaN,pinp,1
302.399999999999,pulse,19,20,NaN,NaN,pinp,1
863.500000000002,pulse,19,20,NaN,NaN,pinp,1
1360.53333333333,pulse,19,20,NaN,NaN,pinp,1
1575.46666666666,pulse,19,20,NaN,NaN,pinp,1
-66.5000000000049,pulse,20,20,NaN,NaN,pinp,1
224.466666666657,pulse,20,20,NaN,NaN,pinp,1
451.199999999993,pulse,20,20,NaN,NaN,pinp,1
653.733333333328,pulse,20,20,NaN,NaN,pinp,1
755.399999999995,pulse,20,20,NaN,NaN,pinp,1
852.366666666661,pulse,20,20,NaN,NaN,pinp,1
1170.9,pulse,20,20,NaN,NaN,pinp,1
1521.03333333333,pulse,20,20,NaN,NaN,pinp,1
-363.399999999999,pulse,21,20,NaN,NaN,pinp,1
-145.499999999998,pulse,21,20,NaN,NaN,pinp,1
-111.866666666664,pulse,21,20,NaN,NaN,pinp,1
72.33333333334,pulse,21,20,NaN,NaN,pinp,1
1039.80000000001,pulse,21,20,NaN,NaN,pinp,1
1124.13333333334,pulse,21,20,NaN,NaN,pinp,1
1463.5,pulse,21,20,NaN,NaN,pinp,1
1556.63333333334,pulse,21,20,NaN,NaN,pinp,1
1643.83333333333,pulse,21,20,NaN,NaN,pinp,1
1693.86666666667,pulse,21,20,NaN,NaN,pinp,1
-537.400000000005,pulse,22,20,NaN,NaN,pinp,1
-487.366666666667,pulse,22,20,NaN,NaN,pinp,1
1362.9,pulse,22,20,NaN,NaN,pinp,1
-323.233333333334,pulse,23,20,NaN,NaN,pinp,1
-127.766666666666,pulse,23,20,NaN,NaN,pinp,1
940.666666666665,pulse,23,20,NaN,NaN,pinp,1
979.799999999997,pulse,23,20,NaN,NaN,pinp,1
1047.1,pulse,23,20,NaN,NaN,pinp,1
1354.29999999999,pulse,23,20,NaN,NaN,pinp,1
1511.3,pulse,23,20,NaN,NaN,pinp,1
643.933333333337,pulse,24,20,NaN,NaN,pinp,1
1331.86666666667,pulse,24,20,NaN,NaN,pinp,1
1561.2,pulse,24,20,NaN,NaN,pinp,1
-317.033333333335,pulse,25,20,NaN,NaN,pinp,1
636.299999999999,pulse,25,20,NaN,NaN,pinp,1
726.999999999997,pulse,25,20,NaN,NaN,pinp,1
917.633333333328,pulse,25,20,NaN,NaN,pinp,1
1027.16666666666,pulse,25,20,NaN,NaN,pinp,1
1089.29999999999,pulse,25,20,NaN,NaN,pinp,1
1431.76666666666,pulse,25,20,NaN,NaN,pinp,1
1507.2,pulse,26,20,NaN,NaN,pinp,1
1573.23333333333,pulse,26,20,NaN,NaN,pinp,1
-106.099999999998,pulse,27,20,NaN,NaN,pinp,1
113.866666666667,pulse,27,20,NaN,NaN,pinp,1
380.03333333333,pulse,27,20,NaN,NaN,pinp,1
622.100000000003,pulse,27,20,NaN,NaN,pinp,1
641.599999999997,pulse,27,20,NaN,NaN,pinp,1
670.533333333331,pulse,27,20,NaN,NaN,pinp,1
1232.06666666667,pulse,27,20,NaN,NaN,pinp,1
1585.96666666666,pulse,27,20,NaN,NaN,pinp,1
1593.83333333334,pulse,27,20,NaN,NaN,pinp,1
-595.300000000009,pulse,28,20,NaN,NaN,pinp,1
-587.433333333337,pulse,28,20,NaN,NaN,pinp,1
0.0333333333273345,pulse,28,20,NaN,NaN,pinp,1
91.0999999999902,pulse,28,20,NaN,NaN,pinp,1
109.233333333329,pulse,28,20,NaN,NaN,pinp,1
336.199999999991,pulse,28,20,NaN,NaN,pinp,1
649.866666666661,pulse,28,20,NaN,NaN,pinp,1
652.433333333327,pulse,28,20,NaN,NaN,pinp,1
683.266666666661,pulse,28,20,NaN,NaN,pinp,1
1059.56666666665,pulse,28,20,NaN,NaN,pinp,1
1197.26666666666,pulse,28,20,NaN,NaN,pinp,1
1491.16666666666,pulse,28,20,NaN,NaN,pinp,1
1750.13333333332,pulse,28,20,NaN,NaN,pinp,1
-431.333333333342,pulse,29,20,NaN,NaN,pinp,1
-100.800000000007,pulse,29,20,NaN,NaN,pinp,1
7.26666666666631,pulse,29,20,NaN,NaN,pinp,1
156.46666666666,pulse,29,20,NaN,NaN,pinp,1
308.999999999997,pulse,29,20,NaN,NaN,pinp,1
842.033333333333,pulse,29,20,NaN,NaN,pinp,1
868.166666666667,pulse,29,20,NaN,NaN,pinp,1
1178.03333333333,pulse,29,20,NaN,NaN,pinp,1
1203.76666666667,pulse,29,20,NaN,NaN,pinp,1
1245.09999999999,pulse,29,20,NaN,NaN,pinp,1
-310.966666666673,pulse,30,20,NaN,NaN,pinp,1
196.033333333332,pulse,30,20,NaN,NaN,pinp,1
204.333333333324,pulse,30,20,NaN,NaN,pinp,1
384.399999999999,pulse,30,20,NaN,NaN,pinp,1
416.766666666661,pulse,30,20,NaN,NaN,pinp,1
425.233333333324,pulse,30,20,NaN,NaN,pinp,1
802.533333333329,pulse,30,20,NaN,NaN,pinp,1
1621.39999999999,pulse,30,20,NaN,NaN,pinp,1
-559.866666666665,pulse,31,20,NaN,NaN,pinp,1
-192.266666666654,pulse,31,20,NaN,NaN,pinp,1
-176.999999999992,pulse,31,20,NaN,NaN,pinp,1
80.2333333333394,pulse,31,20,NaN,NaN,pinp,1
100.866666666676,pulse,31,20,NaN,NaN,pinp,1
400.333333333336,pulse,31,20,NaN,NaN,pinp,1
439.700000000002,pulse,31,20,NaN,NaN,pinp,1
601.866666666666,pulse,31,20,NaN,NaN,pinp,1
634.833333333333,pulse,31,20,NaN,NaN,pinp,1
657.600000000002,pulse,31,20,NaN,NaN,pinp,1
898.833333333343,pulse,31,20,NaN,NaN,pinp,1
1225.13333333333,pulse,31,20,NaN,NaN,pinp,1
1358.96666666667,pulse,31,20,NaN,NaN,pinp,1
1415.46666666667,pulse,31,20,NaN,NaN,pinp,1
-377.800000000008,pulse,32,20,NaN,NaN,pinp,1
-348.733333333342,pulse,32,20,NaN,NaN,pinp,1
-291.766666666675,pulse,32,20,NaN,NaN,pinp,1
-86.0000000000127,pulse,32,20,NaN,NaN,pinp,1
-53.9333333333332,pulse,32,20,NaN,NaN,pinp,1
185.966666666658,pulse,32,20,NaN,NaN,pinp,1
506.133333333324,pulse,32,20,NaN,NaN,pinp,1
932.699999999997,pulse,32,20,NaN,NaN,pinp,1
946.766666666662,pulse,32,20,NaN,NaN,pinp,1
957.899999999995,pulse,32,20,NaN,NaN,pinp,1
1171.66666666667,pulse,32,20,NaN,NaN,pinp,1
1200.86666666666,pulse,32,20,NaN,NaN,pinp,1
1261.46666666666,pulse,32,20,NaN,NaN,pinp,1
1575.7,pulse,32,20,NaN,NaN,pinp,1
889.266666666657,pulse,33,20,NaN,NaN,pinp,1
927.233333333334,pulse,33,20,NaN,NaN,pinp,1
-282.166666666669,pulse,34,20,NaN,NaN,pinp,1
-128.766666666664,pulse,34,20,NaN,NaN,pinp,1
203.033333333337,pulse,34,20,NaN,NaN,pinp,1
235.866666666666,pulse,34,20,NaN,NaN,pinp,1
298.966666666672,pulse,34,20,NaN,NaN,pinp,1
765.766666666664,pulse,34,20,NaN,NaN,pinp,1
1093.53333333334,pulse,34,20,NaN,NaN,pinp,1
1706.3,pulse,34,20,NaN,NaN,pinp,1
1736.7,pulse,34,20,NaN,NaN,pinp,1
-512.366666666679,pulse,35,20,NaN,NaN,pinp,1
-481.966666666679,pulse,35,20,NaN,NaN,pinp,1
584.699999999998,pulse,35,20,NaN,NaN,pinp,1
636.999999999986,pulse,35,20,NaN,NaN,pinp,1
838.499999999996,pulse,35,20,NaN,NaN,pinp,1
871.799999999993,pulse,35,20,NaN,NaN,pinp,1
1542.13333333333,pulse,35,20,NaN,NaN,pinp,1
1573.16666666667,pulse,35,20,NaN,NaN,pinp,1
1581.63333333333,pulse,35,20,NaN,NaN,pinp,1
1588.43333333333,pulse,35,20,NaN,NaN,pinp,1
1626.66666666667,pulse,35,20,NaN,NaN,pinp,1
1629.89999999999,pulse,35,20,NaN,NaN,pinp,1
-599.833333333336,pulse,36,20,NaN,NaN,pinp,1
-593.033333333338,pulse,36,20,NaN,NaN,pinp,1
-554.8,pulse,36,20,NaN,NaN,pinp,1
-551.566666666673,pulse,36,20,NaN,NaN,pinp,1
-335.266666666669,pulse,36,20,NaN,NaN,pinp,1
-273.400000000009,pulse,36,20,NaN,NaN,pinp,1
-95.7000000000079,pulse,36,20,NaN,NaN,pinp,1
-66.0666666666714,pulse,36,20,NaN,NaN,pinp,1
0.666666666660376,pulse,36,20,NaN,NaN,pinp,1
257.966666666661,pulse,36,20,NaN,NaN,pinp,1
840.799999999987,pulse,36,20,NaN,NaN,pinp,1
1323.1,pulse,36,20,NaN,NaN,pinp,1
1449.13333333332,pulse,36,20,NaN,NaN,pinp,1
-288.399999999996,pulse,37,20,NaN,NaN,pinp,1
-196.866666666665,pulse,37,20,NaN,NaN,pinp,1
-119.166666666658,pulse,37,20,NaN,NaN,pinp,1
686.666666666667,pulse,37,20,NaN,NaN,pinp,1
711.533333333335,pulse,37,20,NaN,NaN,pinp,1
842.066666666668,pulse,37,20,NaN,NaN,pinp,1
846.600000000009,pulse,37,20,NaN,NaN,pinp,1
1116.8,pulse,37,20,NaN,NaN,pinp,1
1206.06666666667,pulse,37,20,NaN,NaN,pinp,1
1207.26666666667,pulse,37,20,NaN,NaN,pinp,1
1347.03333333334,pulse,37,20,NaN,NaN,pinp,1
-90.8666666666704,pulse,38,20,NaN,NaN,pinp,1
-61.9333333333429,pulse,38,20,NaN,NaN,pinp,1
100.499999999997,pulse,38,20,NaN,NaN,pinp,1
283.733333333331,pulse,38,20,NaN,NaN,pinp,1
799.033333333327,pulse,38,20,NaN,NaN,pinp,1
1175.59999999999,pulse,38,20,NaN,NaN,pinp,1
1567.76666666666,pulse,38,20,NaN,NaN,pinp,1
1631.63333333333,pulse,38,20,NaN,NaN,pinp,1
1730.16666666666,pulse,38,20,NaN,NaN,pinp,1
-560.533333333325,pulse,39,20,NaN,NaN,pinp,1
-461.999999999989,pulse,39,20,NaN,NaN,pinp,1
-369.233333333327,pulse,39,20,NaN,NaN,pinp,1
84.2666666666787,pulse,39,20,NaN,NaN,pinp,1
225.26666666667,pulse,39,20,NaN,NaN,pinp,1
548.566666666673,pulse,39,20,NaN,NaN,pinp,1
791.200000000003,pulse,39,20,NaN,NaN,pinp,1
1513.03333333334,pulse,39,20,NaN,NaN,pinp,1
1521.26666666668,pulse,39,20,NaN,NaN,pinp,1
1733.16666666668,pulse,39,20,NaN,NaN,pinp,1
-464.100000000002,pulse,40,20,NaN,NaN,pinp,1
-395.800000000008,pulse,40,20,NaN,NaN,pinp,1
619.099999999989,pulse,40,20,NaN,NaN,pinp,1
747.500000000002,pulse,40,20,NaN,NaN,pinp,1
804.099999999991,pulse,40,20,NaN,NaN,pinp,1
1002.63333333334,pulse,40,20,NaN,NaN,pinp,1
1202.16666666666,pulse,40,20,NaN,NaN,pinp,1
1526.1,pulse,40,20,NaN,NaN,pinp,1
208.166666666656,pulse,41,20,NaN,NaN,pinp,1
531.966666666662,pulse,41,20,NaN,NaN,pinp,1
1683.83333333333,pulse,41,20,NaN,NaN,pinp,1
-524.133333333339,pulse,42,20,NaN,NaN,pinp,1
-85.4666666666759,pulse,42,20,NaN,NaN,pinp,1
140.633333333327,pulse,42,20,NaN,NaN,pinp,1
1391.06666666666,pulse,42,20,NaN,NaN,pinp,1
1421.79999999999,pulse,42,20,NaN,NaN,pinp,1
1424.93333333333,pulse,42,20,NaN,NaN,pinp,1
1673.83333333332,pulse,42,20,NaN,NaN,pinp,1
1681.29999999999,pulse,42,20,NaN,NaN,pinp,1
-528.800000000004,pulse,43,20,NaN,NaN,pinp,1
-521.333333333331,pulse,43,20,NaN,NaN,pinp,1
-185.233333333329,pulse,43,20,NaN,NaN,pinp,1
317.400000000006,pulse,43,20,NaN,NaN,pinp,1
767.099999999999,pulse,43,20,NaN,NaN,pinp,1
778.400000000005,pulse,43,20,NaN,NaN,pinp,1
815.233333333339,pulse,43,20,NaN,NaN,pinp,1
1020.23333333334,pulse,43,20,NaN,NaN,pinp,1
1352.83333333334,pulse,43,20,NaN,NaN,pinp,1
1397.43333333334,pulse,43,20,NaN,NaN,pinp,1
1420.20000000001,pulse,43,20,NaN,NaN,pinp,1
-180.000000000007,pulse,44,20,NaN,NaN,pinp,1
-101.533333333336,pulse,44,20,NaN,NaN,pinp,1
-67.0666666666762,pulse,44,20,NaN,NaN,pinp,1
161.333333333317,pulse,44,20,NaN,NaN,pinp,1
166.499999999985,pulse,44,20,NaN,NaN,pinp,1
202.133333333322,pulse,44,20,NaN,NaN,pinp,1
825.833333333321,pulse,44,20,NaN,NaN,pinp,1
1194.2,pulse,44,20,NaN,NaN,pinp,1
1758.9,pulse,44,20,NaN,NaN,pinp,1
-427.700000000002,pulse,45,20,NaN,NaN,pinp,1
226.699999999994,pulse,45,20,NaN,NaN,pinp,1
320.166666666665,pulse,45,20,NaN,NaN,pinp,1
541.899999999998,pulse,45,20,NaN,NaN,pinp,1
664.799999999985,pulse,45,20,NaN,NaN,pinp,1
895.799999999994,pulse,45,20,NaN,NaN,pinp,1
1323.1,pulse,45,20,NaN,NaN,pinp,1
1327.49999999999,pulse,45,20,NaN,NaN,pinp,1
1421.03333333333,pulse,45,20,NaN,NaN,pinp,1
1744.53333333332,pulse,45,20,NaN,NaN,pinp,1
-447.400000000016,pulse,46,20,NaN,NaN,pinp,1
-365.133333333347,pulse,46,20,NaN,NaN,pinp,1
541.799999999981,pulse,46,20,NaN,NaN,pinp,1
1463.06666666665,pulse,46,20,NaN,NaN,pinp,1
1504.13333333331,pulse,46,20,NaN,NaN,pinp,1
-354.033333333334,pulse,47,20,NaN,NaN,pinp,1
125.833333333333,pulse,47,20,NaN,NaN,pinp,1
237.333333333339,pulse,47,20,NaN,NaN,pinp,1
340.266666666665,pulse,47,20,NaN,NaN,pinp,1
437.066666666666,pulse,47,20,NaN,NaN,pinp,1
968.433333333337,pulse,47,20,NaN,NaN,pinp,1
1340.50000000001,pulse,47,20,NaN,NaN,pinp,1
1439.76666666667,pulse,47,20,NaN,NaN,pinp,1
1748.7,pulse,47,20,NaN,NaN,pinp,1
-464.633333333339,pulse,48,20,NaN,NaN,pinp,1
-203.53333333334,pulse,48,20,NaN,NaN,pinp,1
93.4666666666715,pulse,48,20,NaN,NaN,pinp,1
173.233333333329,pulse,48,20,NaN,NaN,pinp,1
235.833333333332,pulse,48,20,NaN,NaN,pinp,1
434.83333333333,pulse,48,20,NaN,NaN,pinp,1
1149.06666666667,pulse,48,20,NaN,NaN,pinp,1
1376.56666666666,pulse,48,20,NaN,NaN,pinp,1
1761.96666666667,pulse,48,20,NaN,NaN,pinp,1
1792.06666666667,pulse,48,20,NaN,NaN,pinp,1
-446.200000000005,pulse,49,20,NaN,NaN,pinp,1
-416.1,pulse,49,20,NaN,NaN,pinp,1
-246.066666666678,pulse,49,20,NaN,NaN,pinp,1
-158.799999999999,pulse,49,20,NaN,NaN,pinp,1
-76.2,pulse,49,20,NaN,NaN,pinp,1
97.0666666666631,pulse,49,20,NaN,NaN,pinp,1
136.233333333323,pulse,49,20,NaN,NaN,pinp,1
903.366666666656,pulse,49,20,NaN,NaN,pinp,1
930.733333333322,pulse,49,20,NaN,NaN,pinp,1
1039.09999999999,pulse,49,20,NaN,NaN,pinp,1
1056.46666666667,pulse,49,20,NaN,NaN,pinp,1
1398.63333333332,pulse,49,20,NaN,NaN,pinp,1
1495.63333333333,pulse,49,20,NaN,NaN,pinp,1
-182.766666666666,pulse,50,20,NaN,NaN,pinp,1
104.500000000002,pulse,50,20,NaN,NaN,pinp,1
200.966666666659,pulse,50,20,NaN,NaN,pinp,1
1143.83333333333,pulse,50,20,NaN,NaN,pinp,1
1191.50000000001,pulse,50,20,NaN,NaN,pinp,1
1216.5,pulse,50,20,NaN,NaN,pinp,1
-253.699999999995,train,1,10,100,10,pinp,1
-110.566666666656,train,1,10,100,10,pinp,1
-4.93333333332657,train,1,10,100,10,pinp,1
456.433333333337,train,1,10,100,10,pinp,1
461.933333333334,train,1,10,100,10,pinp,1
470.56666666667,train,1,10,100,10,pinp,1
544.966666666667,train,1,10,100,10,pinp,1
1274.70000000001,train,1,10,100,10,pinp,1
-336.13333333335,train,2,10,100,10,pinp,1
72.59999999998,train,2,10,100,10,pinp,1
783.699999999982,train,2,10,100,10,pinp,1
1000.76666666665,train,2,10,100,10,pinp,1
1535.49999999998,train,2,10,100,10,pinp,1
-242.166666666677,train,3,10,100,10,pinp,1
-168.666666666681,train,3,10,100,10,pinp,1
178.633333333323,train,3,10,100,10,pinp,1
189.333333333323,train,3,10,100,10,pinp,1
641.766666666655,train,3,10,100,10,pinp,1
802.299999999988,train,3,10,100,10,pinp,1
854.966666666655,train,3,10,100,10,pinp,1
987.366666666659,train,3,10,100,10,pinp,1
991.799999999998,train,3,10,100,10,pinp,1
1100.39999999999,train,3,10,100,10,pinp,1
1588.76666666666,train,3,10,100,10,pinp,1
-457.166666666666,train,4,10,100,10,pinp,1
-283.100000000005,train,4,10,100,10,pinp,1
181.233333333338,train,4,10,100,10,pinp,1
591.93333333333,train,4,10,100,10,pinp,1
969.999999999999,train,4,10,100,10,pinp,1
973.133333333337,train,4,10,100,10,pinp,1
1323.36666666667,train,4,10,100,10,pinp,1
-486.633333333316,train,5,10,100,10,pinp,1
-188.833333333321,train,5,10,100,10,pinp,1
-153.866666666659,train,5,10,100,10,pinp,1
274.166666666673,train,5,10,100,10,pinp,1
502.666666666684,train,5,10,100,10,pinp,1
1126.73333333335,train,5,10,100,10,pinp,1
1175.16666666668,train,5,10,100,10,pinp,1
1786.73333333334,train,5,10,100,10,pinp,1
-512.09999999999,train,6,10,100,10,pinp,1
-467.166666666657,train,6,10,100,10,pinp,1
861.700000000013,train,6,10,100,10,pinp,1
1186.20000000001,train,6,10,100,10,pinp,1
1217.76666666668,train,6,10,100,10,pinp,1
1515.23333333334,train,6,10,100,10,pinp,1
364.266666666651,train,7,10,100,10,pinp,1
985.299999999981,train,7,10,100,10,pinp,1
1474.83333333334,train,7,10,100,10,pinp,1
1775.33333333334,train,7,10,100,10,pinp,1
-523.300000000006,train,8,10,100,10,pinp,1
-329.866666666675,train,8,10,100,10,pinp,1
-251.533333333356,train,8,10,100,10,pinp,1
-184.066666666695,train,8,10,100,10,pinp,1
190.96666666664,train,8,10,100,10,pinp,1
444.29999999997,train,8,10,100,10,pinp,1
592.666666666645,train,8,10,100,10,pinp,1
875.433333333319,train,8,10,100,10,pinp,1
981.666666666655,train,8,10,100,10,pinp,1
994.299999999981,train,8,10,100,10,pinp,1
1529.39999999998,train,8,10,100,10,pinp,1
1625.13333333331,train,8,10,100,10,pinp,1
-145.266666666657,train,9,10,100,10,pinp,1
51.4333333333354,train,9,10,100,10,pinp,1
69.5666666666739,train,9,10,100,10,pinp,1
757.233333333346,train,9,10,100,10,pinp,1
1274.43333333335,train,9,10,100,10,pinp,1
1392.33333333334,train,9,10,100,10,pinp,1
1500.96666666667,train,9,10,100,10,pinp,1
691.600000000022,train,10,10,100,10,pinp,1
719.333333333338,train,10,10,100,10,pinp,1
755.566666666681,train,10,10,100,10,pinp,1
1168.43333333335,train,10,10,100,10,pinp,1
1265.83333333335,train,10,10,100,10,pinp,1
1621.96666666668,train,10,10,100,10,pinp,1
1699.40000000003,train,10,10,100,10,pinp,1
-599.433333333309,train,11,10,100,10,pinp,1
161.333333333346,train,11,10,100,10,pinp,1
900.166666666678,train,11,10,100,10,pinp,1
1012.70000000002,train,11,10,100,10,pinp,1
1345.03333333333,train,11,10,100,10,pinp,1
-166.233333333338,train,12,10,100,10,pinp,1
-105.866666666685,train,12,10,100,10,pinp,1
-95.6999999999937,train,12,10,100,10,pinp,1
83.4666666666521,train,12,10,100,10,pinp,1
199.399999999997,train,12,10,100,10,pinp,1
326.633333333319,train,12,10,100,10,pinp,1
597.533333333331,train,12,10,100,10,pinp,1
889.966666666652,train,12,10,100,10,pinp,1
1761.66666666666,train,12,10,100,10,pinp,1
-542.300000000012,train,13,10,100,10,pinp,1
-460.033333333342,train,13,10,100,10,pinp,1
-149.966666666671,train,13,10,100,10,pinp,1
88.9999999999986,train,13,10,100,10,pinp,1
173.966666666644,train,13,10,100,10,pinp,1
789.233333333328,train,13,10,100,10,pinp,1
957.499999999982,train,13,10,100,10,pinp,1
1209.99999999998,train,13,10,100,10,pinp,1
2.36666666668839,train,14,10,100,10,pinp,1
274.200000000008,train,14,10,100,10,pinp,1
432.700000000011,train,14,10,100,10,pinp,1
446.566666666683,train,14,10,100,10,pinp,1
483.766666666668,train,14,10,100,10,pinp,1
1096.10000000001,train,14,10,100,10,pinp,1
-285.033333333331,train,15,10,100,10,pinp,1
629.699999999985,train,15,10,100,10,pinp,1
873.766666666654,train,15,10,100,10,pinp,1
902.833333333319,train,15,10,100,10,pinp,1
1013.29999999999,train,15,10,100,10,pinp,1
1015.76666666665,train,15,10,100,10,pinp,1
1653.76666666666,train,15,10,100,10,pinp,1
-482.100000000003,train,16,10,100,10,pinp,1
-433.266666666668,train,16,10,100,10,pinp,1
365.666666666669,train,16,10,100,10,pinp,1
591.966666666679,train,16,10,100,10,pinp,1
788.466666666665,train,16,10,100,10,pinp,1
845.400000000012,train,16,10,100,10,pinp,1
892.899999999997,train,16,10,100,10,pinp,1
963.966666666664,train,16,10,100,10,pinp,1
981.433333333342,train,16,10,100,10,pinp,1
1238.1,train,16,10,100,10,pinp,1
678.599999999989,train,17,10,100,10,pinp,1
1525.76666666664,train,17,10,100,10,pinp,1
1661.99999999998,train,17,10,100,10,pinp,1
1695.1,train,17,10,100,10,pinp,1
-431.366666666662,train,18,10,100,10,pinp,1
-183.166666666665,train,18,10,100,10,pinp,1
877.66666666667,train,18,10,100,10,pinp,1
1020.29999999999,train,18,10,100,10,pinp,1
1570.86666666666,train,18,10,100,10,pinp,1
1689.23333333333,train,18,10,100,10,pinp,1
-260.800000000017,train,19,10,100,10,pinp,1
166.466666666651,train,19,10,100,10,pinp,1
203.966666666645,train,19,10,100,10,pinp,1
570.099999999968,train,19,10,100,10,pinp,1
864.233333333317,train,19,10,100,10,pinp,1
897.166666666635,train,19,10,100,10,pinp,1
1010.86666666663,train,19,10,100,10,pinp,1
1036.96666666664,train,19,10,100,10,pinp,1
1293.4333333333,train,19,10,100,10,pinp,1
1405.36666666665,train,19,10,100,10,pinp,1
-429.399999999987,train,20,10,100,10,pinp,1
-154.899999999998,train,20,10,100,10,pinp,1
286.266666666677,train,20,10,100,10,pinp,1
298.533333333353,train,20,10,100,10,pinp,1
392.933333333332,train,20,10,100,10,pinp,1
460.599999999999,train,20,10,100,10,pinp,1
496.100000000013,train,20,10,100,10,pinp,1
572.066666666672,train,20,10,100,10,pinp,1
588.099999999997,train,20,10,100,10,pinp,1
594.200000000001,train,20,10,100,10,pinp,1
602.800000000002,train,20,10,100,10,pinp,1
777.800000000013,train,20,10,100,10,pinp,1
1560.16666666667,train,20,10,100,10,pinp,1
1570.43333333334,train,20,10,100,10,pinp,1
1669.86666666668,train,20,10,100,10,pinp,1
1729.66666666667,train,20,10,100,10,pinp,1
-574.533333333363,train,21,10,100,10,pinp,1
178.366666666648,train,21,10,100,10,pinp,1
501.46666666663,train,21,10,100,10,pinp,1
520.266666666629,train,21,10,100,10,pinp,1
530.966666666643,train,21,10,100,10,pinp,1
562.86666666665,train,21,10,100,10,pinp,1
571.933333333305,train,21,10,100,10,pinp,1
798.899999999975,train,21,10,100,10,pinp,1
852.233333333317,train,21,10,100,10,pinp,1
1464.69999999997,train,21,10,100,10,pinp,1
1471.29999999996,train,21,10,100,10,pinp,1
1485.06666666663,train,21,10,100,10,pinp,1
1631.99999999998,train,21,10,100,10,pinp,1
-83.3666666666488,train,22,10,100,10,pinp,1
396.100000000018,train,22,10,100,10,pinp,1
527.500000000032,train,22,10,100,10,pinp,1
775.266666666681,train,22,10,100,10,pinp,1
802.800000000019,train,22,10,100,10,pinp,1
965.600000000023,train,22,10,100,10,pinp,1
1011.66666666668,train,22,10,100,10,pinp,1
1179.66666666669,train,22,10,100,10,pinp,1
1609.06666666668,train,22,10,100,10,pinp,1
1746.30000000002,train,22,10,100,10,pinp,1
-552.300000000002,train,23,10,100,10,pinp,1
1407.13333333332,train,23,10,100,10,pinp,1
1743.69999999999,train,23,10,100,10,pinp,1
1785.93333333333,train,23,10,100,10,pinp,1
-554.900000000032,train,24,10,100,10,pinp,1
-512.666666666689,train,24,10,100,10,pinp,1
-488.533333333351,train,24,10,100,10,pinp,1
-391.133333333357,train,24,10,100,10,pinp,1
151.066666666651,train,24,10,100,10,pinp,1
294.933333333319,train,24,10,100,10,pinp,1
688.533333333311,train,24,10,100,10,pinp,1
906.733333333307,train,24,10,100,10,pinp,1
1544.93333333332,train,24,10,100,10,pinp,1
-199.333333333357,train,25,10,100,10,pinp,1
-159.466666666702,train,25,10,100,10,pinp,1
366.466666666639,train,25,10,100,10,pinp,1
496.966666666651,train,25,10,100,10,pinp,1
795.199999999966,train,25,10,100,10,pinp,1
797.566666666654,train,25,10,100,10,pinp,1
1511.7333333333,train,25,10,100,10,pinp,1
-275.566666666634,train,26,10,100,10,pinp,1
295.933333333352,train,26,10,100,10,pinp,1
1131.56666666669,train,26,10,100,10,pinp,1
1132.53333333336,train,26,10,100,10,pinp,1
1371.26666666668,train,26,10,100,10,pinp,1
1526.63333333336,train,26,10,100,10,pinp,1
1737.90000000002,train,26,10,100,10,pinp,1
-550.233333333324,train,27,10,100,10,pinp,1
-482.799999999997,train,27,10,100,10,pinp,1
-288.099999999986,train,27,10,100,10,pinp,1
-222.033333333314,train,27,10,100,10,pinp,1
-18.8333333333333,train,27,10,100,10,pinp,1
502.900000000011,train,27,10,100,10,pinp,1
738.733333333329,train,27,10,100,10,pinp,1
749.366666666674,train,27,10,100,10,pinp,1
993.133333333333,train,27,10,100,10,pinp,1
1167.30000000001,train,27,10,100,10,pinp,1
1218.3,train,27,10,100,10,pinp,1
1300.4,train,27,10,100,10,pinp,1
-432.600000000008,train,28,10,100,10,pinp,1
-310.633333333328,train,28,10,100,10,pinp,1
1024.53333333332,train,28,10,100,10,pinp,1
1123.16666666666,train,28,10,100,10,pinp,1
-276.666666666671,train,29,10,100,10,pinp,1
-173.233333333343,train,29,10,100,10,pinp,1
-140.033333333349,train,29,10,100,10,pinp,1
377.700000000004,train,29,10,100,10,pinp,1
396.066666666655,train,29,10,100,10,pinp,1
759.899999999988,train,29,10,100,10,pinp,1
796.099999999996,train,29,10,100,10,pinp,1
884.066666666655,train,29,10,100,10,pinp,1
1032.4,train,29,10,100,10,pinp,1
1706.69999999998,train,29,10,100,10,pinp,1
-597.266666666684,train,30,10,100,10,pinp,1
-364.166666666677,train,30,10,100,10,pinp,1
97.1999999999866,train,30,10,100,10,pinp,1
106.899999999996,train,30,10,100,10,pinp,1
974.166666666662,train,30,10,100,10,pinp,1
999.433333333315,train,30,10,100,10,pinp,1
1009.09999999999,train,30,10,100,10,pinp,1
1307.86666666665,train,30,10,100,10,pinp,1
1338.03333333333,train,30,10,100,10,pinp,1
1553.56666666665,train,30,10,100,10,pinp,1
1581.83333333332,train,30,10,100,10,pinp,1
1691.93333333334,train,30,10,100,10,pinp,1
-448.666666666668,train,31,10,100,10,pinp,1
189.433333333341,train,31,10,100,10,pinp,1
278.099999999995,train,31,10,100,10,pinp,1
336.166666666657,train,31,10,100,10,pinp,1
899.499999999989,train,31,10,100,10,pinp,1
1019.63333333333,train,31,10,100,10,pinp,1
1371.23333333332,train,31,10,100,10,pinp,1
1473.43333333333,train,31,10,100,10,pinp,1
1491.13333333332,train,31,10,100,10,pinp,1
-454.933333333315,train,32,10,100,10,pinp,1
-357.466666666653,train,32,10,100,10,pinp,1
-349.833333333322,train,32,10,100,10,pinp,1
-327.266666666674,train,32,10,100,10,pinp,1
569.733333333346,train,32,10,100,10,pinp,1
582.600000000014,train,32,10,100,10,pinp,1
730.166666666662,train,32,10,100,10,pinp,1
788.43333333333,train,32,10,100,10,pinp,1
991.066666666683,train,32,10,100,10,pinp,1
1525.00000000001,train,32,10,100,10,pinp,1
1594.06666666666,train,32,10,100,10,pinp,1
-465.400000000017,train,33,10,100,10,pinp,1
-447.73333333336,train,33,10,100,10,pinp,1
-444.10000000002,train,33,10,100,10,pinp,1
-147.433333333339,train,33,10,100,10,pinp,1
-83.2666666666739,train,33,10,100,10,pinp,1
175.599999999974,train,33,10,100,10,pinp,1
378.533333333309,train,33,10,100,10,pinp,1
959.533333333326,train,33,10,100,10,pinp,1
1135.33333333331,train,33,10,100,10,pinp,1
1224.99999999999,train,33,10,100,10,pinp,1
1285.96666666664,train,33,10,100,10,pinp,1
1296.79999999999,train,33,10,100,10,pinp,1
-470.933333333363,train,34,10,100,10,pinp,1
-424.566666666692,train,34,10,100,10,pinp,1
383.999999999986,train,34,10,100,10,pinp,1
902.299999999997,train,34,10,100,10,pinp,1
1099.63333333332,train,34,10,100,10,pinp,1
1103.96666666665,train,34,10,100,10,pinp,1
1605.83333333332,train,34,10,100,10,pinp,1
-420.233333333357,train,35,10,100,10,pinp,1
-58.9666666666915,train,35,10,100,10,pinp,1
-4.10000000002242,train,35,10,100,10,pinp,1
604.599999999976,train,35,10,100,10,pinp,1
778.49999999998,train,35,10,100,10,pinp,1
970.133333333308,train,35,10,100,10,pinp,1
1133.69999999998,train,35,10,100,10,pinp,1
1758.79999999998,train,35,10,100,10,pinp,1
-539.799999999985,train,36,10,100,10,pinp,1
65.9666666666681,train,36,10,100,10,pinp,1
100.133333333332,train,36,10,100,10,pinp,1
275.766666666669,train,36,10,100,10,pinp,1
396.200000000022,train,36,10,100,10,pinp,1
1167.23333333334,train,36,10,100,10,pinp,1
1170.63333333334,train,36,10,100,10,pinp,1
1221.23333333334,train,36,10,100,10,pinp,1
1316.06666666667,train,36,10,100,10,pinp,1
1420.33333333333,train,36,10,100,10,pinp,1
-345.866666666666,train,37,10,100,10,pinp,1
-313.89999999999,train,37,10,100,10,pinp,1
-158.266666666663,train,37,10,100,10,pinp,1
-121.566666666666,train,37,10,100,10,pinp,1
-76.3666666666438,train,37,10,100,10,pinp,1
294.400000000024,train,37,10,100,10,pinp,1
333.266666666674,train,37,10,100,10,pinp,1
858.699999999999,train,37,10,100,10,pinp,1
996.133333333347,train,37,10,100,10,pinp,1
1364.43333333335,train,37,10,100,10,pinp,1
80.93333333332,train,38,10,100,10,pinp,1
100.066666666663,train,38,10,100,10,pinp,1
403.166666666664,train,38,10,100,10,pinp,1
495.299999999986,train,38,10,100,10,pinp,1
1014.5,train,38,10,100,10,pinp,1
1686.79999999998,train,38,10,100,10,pinp,1
1779.96666666667,train,38,10,100,10,pinp,1
-540.033333333326,train,39,10,100,10,pinp,1
-515.999999999991,train,39,10,100,10,pinp,1
-465.300000000013,train,39,10,100,10,pinp,1
-388.966666666676,train,39,10,100,10,pinp,1
-313.46666666667,train,39,10,100,10,pinp,1
-235.533333333336,train,39,10,100,10,pinp,1
-106.766666666658,train,39,10,100,10,pinp,1
97.4999999999966,train,39,10,100,10,pinp,1
975.966666666665,train,39,10,100,10,pinp,1
1235.26666666666,train,39,10,100,10,pinp,1
-456.866666666684,train,40,10,100,10,pinp,1
-419.033333333346,train,40,10,100,10,pinp,1
134.033333333321,train,40,10,100,10,pinp,1
492.966666666661,train,40,10,100,10,pinp,1
1675.96666666665,train,40,10,100,10,pinp,1
-488.033333333362,train,41,10,100,10,pinp,1
-410.266666666701,train,41,10,100,10,pinp,1
50.9333333333188,train,41,10,100,10,pinp,1
72.4333333332936,train,41,10,100,10,pinp,1
481.466666666648,train,41,10,100,10,pinp,1
1426.63333333331,train,41,10,100,10,pinp,1
1596.69999999997,train,41,10,100,10,pinp,1
1601.99999999998,train,41,10,100,10,pinp,1
-363.900000000029,train,42,10,100,10,pinp,1
276.166666666626,train,42,10,100,10,pinp,1
956.29999999997,train,42,10,100,10,pinp,1
1038.93333333332,train,42,10,100,10,pinp,1
1343.83333333329,train,42,10,100,10,pinp,1
1796.1333333333,train,42,10,100,10,pinp,1
-502.466666666663,train,43,10,100,10,pinp,1
-153.266666666667,train,43,10,100,10,pinp,1
-135.199999999998,train,43,10,100,10,pinp,1
-26.4999999999986,train,43,10,100,10,pinp,1
479.433333333333,train,43,10,100,10,pinp,1
1005.93333333333,train,43,10,100,10,pinp,1
1339.06666666667,train,43,10,100,10,pinp,1
1342.83333333335,train,43,10,100,10,pinp,1
1434.73333333333,train,43,10,100,10,pinp,1
1479.43333333333,train,43,10,100,10,pinp,1
1681.13333333335,train,43,10,100,10,pinp,1
-332.233333333363,train,44,10,100,10,pinp,1
-252.666666666698,train,44,10,100,10,pinp,1
102.066666666644,train,44,10,100,10,pinp,1
904.099999999971,train,44,10,100,10,pinp,1
1035.23333333331,train,44,10,100,10,pinp,1
1172.43333333332,train,44,10,100,10,pinp,1
1660.46666666665,train,44,10,100,10,pinp,1
1740.06666666665,train,44,10,100,10,pinp,1
1763.56666666663,train,44,10,100,10,pinp,1
-558.533333333315,train,45,10,100,10,pinp,1
-535.033333333331,train,45,10,100,10,pinp,1
-424.999999999983,train,45,10,100,10,pinp,1
87.4000000000024,train,45,10,100,10,pinp,1
1011.66666666668,train,45,10,100,10,pinp,1
1134.46666666667,train,45,10,100,10,pinp,1
1168.26666666668,train,45,10,100,10,pinp,1
1256.20000000001,train,45,10,100,10,pinp,1
1370.33333333335,train,45,10,100,10,pinp,1
1612.56666666668,train,45,10,100,10,pinp,1
-469.533333333345,train,46,10,100,10,pinp,1
-388.466666666659,train,46,10,100,10,pinp,1
-58.3666666666716,train,46,10,100,10,pinp,1
-7.73333333333426,train,46,10,100,10,pinp,1
174.066666666675,train,46,10,100,10,pinp,1
381.933333333336,train,46,10,100,10,pinp,1
678.100000000001,train,46,10,100,10,pinp,1
701.733333333323,train,46,10,100,10,pinp,1
880.266666666671,train,46,10,100,10,pinp,1
1027.13333333332,train,46,10,100,10,pinp,1
-475.666666666683,train,47,10,100,10,pinp,1
-348.133333333351,train,47,10,100,10,pinp,1
-334.666666666692,train,47,10,100,10,pinp,1
396.16666666663,train,47,10,100,10,pinp,1
1249.1333333333,train,47,10,100,10,pinp,1
1291.13333333331,train,47,10,100,10,pinp,1
1399.76666666664,train,47,10,100,10,pinp,1
1602.46666666663,train,47,10,100,10,pinp,1
-168.900000000008,train,48,10,100,10,pinp,1
-86.9666666666831,train,48,10,100,10,pinp,1
374.333333333311,train,48,10,100,10,pinp,1
766.133333333329,train,48,10,100,10,pinp,1
771.46666666664,train,48,10,100,10,pinp,1
1004.16666666666,train,48,10,100,10,pinp,1
1766.59999999998,train,48,10,100,10,pinp,1
-532.000000000039,train,49,10,100,10,pinp,1
-460.466666666719,train,49,10,100,10,pinp,1
-421.966666666719,train,49,10,100,10,pinp,1
-386.400000000037,train,49,10,100,10,pinp,1
87.1333333332984,train,49,10,100,10,pinp,1
751.999999999953,train,49,10,100,10,pinp,1
799.59999999997,train,49,10,100,10,pinp,1
830.199999999962,train,49,10,100,10,pinp,1
844.499999999954,train,49,10,100,10,pinp,1
955.799999999954,train,49,10,100,10,pinp,1
1008.03333333329,train,49,10,100,10,pinp,1
1018.46666666663,train,49,10,100,10,pinp,1
1037.76666666664,train,49,10,100,10,pinp,1
1086.76666666662,train,49,10,100,10,pinp,1
1157.69999999995,train,49,10,100,10,pinp,1
1158.39999999997,train,49,10,100,10,pinp,1
1244.6333333333,train,49,10,100,10,pinp,1
1299.36666666663,train,49,10,100,10,pinp,1
1305.59999999997,train,49,10,100,10,pinp,1
1414.26666666663,train,49,10,100,10,pinp,1
1422.69999999996,train,49,10,100,10,pinp,1
1494.8333333333,train,49,10,100,10,pinp,1
1570.89999999997,train,49,10,100,10,pinp,1
1737.0333333333,train,49,10,100,10,pinp,1
1768.29999999995,train,49,10,100,10,pinp,1
1793.26666666663,train,49,10,100,10,pinp,1
-561.600000000027,train,50,10,100,10,pinp,1
-530.333333333374,train,50,10,100,10,pinp,1
-505.366666666703,train,50,10,100,10,pinp,1
-263.766666666697,train,50,10,100,10,pinp,1
-32.2333333333802,train,50,10,100,10,pinp,1
638.899999999978,train,50,10,100,10,pinp,1
655.466666666626,train,50,10,100,10,pinp,1
710.466666666633,train,50,10,100,10,pinp,1
879.033333333297,train,50,10,100,10,pinp,1
1071.36666666662,train,50,10,100,10,pinp,1
1198.59999999997,train,50,10,100,10,pinp,1
1209.49999999996,train,50,10,100,10,pinp,1
1303.33333333331,train,50,10,100,10,pinp,1
1344.96666666664,train,50,10,100,10,pinp,1
1543.4333333333,train,50,10,100,10,pinp,1
