spikes,icis,rep
-932.166666666555,1,1
-726.799999999888,1,1
-306.666666666555,1,1
-206.666666666555,1,1
31.4000000001124,1,1
169.000000000113,1,1
276.966666666778,1,1
412.600000000111,1,1
558.666666666779,1,1
1325.63333333345,1,1
1525.46666666678,1,1
1851.23333333344,1,1
2038.96666666678,1,1
2424.40000000011,1,1
2843.03333333344,1,1
2860.30000000011,1,1
-394.533333333313,2,1
-366.933333333312,2,1
-234.699999999979,2,1
-101.066666666646,2,1
-73.4333333333125,2,1
29.8333333333539,2,1
194.633333333355,2,1
253.733333333354,2,1
293.733333333355,2,1
851.066666666688,2,1
968.166666666688,2,1
1023.63333333335,2,1
1195.10000000002,2,1
1374.66666666669,2,1
1507.60000000002,2,1
2034.63333333336,2,1
2225.20000000002,2,1
2430.56666666669,2,1
2850.70000000002,2,1
2950.70000000002,2,1
-903.699999999932,4,1
-833.399999999932,4,1
-205.166666666599,4,1
-46.466666666598,4,1
17.4666666667363,4,1
389.266666666736,4,1
770.400000000067,4,1
1296.26666666674,4,1
1335.9333333334,4,1
1460.1333333334,4,1
1887.7333333334,4,1
1902.10000000007,4,1
2075.46666666674,4,1
2160.60000000007,4,1
2625.9333333334,4,1
-882.133333333317,8,1
-755.466666666653,8,1
-365.833333333314,8,1
868.733333333352,8,1
948.166666666686,8,1
952.900000000009,8,1
1865.70000000002,8,1
1977.00000000001,8,1
2207.83333333334,8,1
2317.03333333335,8,1
2332.06666666668,8,1
2362.33333333335,8,1
2512.36666666668,8,1
2578.03333333335,8,1
2797.50000000002,8,1
-808.600000000049,16,1
-530.866666666716,16,1
-427.600000000049,16,1
-194.900000000049,16,1
17.2999999999483,16,1
26.4999999999527,16,1
307.166666666617,16,1
722.399999999951,16,1
1291.69999999995,16,1
1748.83333333328,16,1
1757.29999999995,16,1
2093.96666666662,16,1
2232.33333333328,16,1
2302.63333333328,16,1
2930.86666666662,16,1
-706.333333333298,32,1
-287.699999999966,32,1
-270.433333333298,32,1
-51.4666666666308,32,1
470.533333333367,32,1
1005.60000000004,32,1
2306.10000000003,32,1
2583.83333333337,32,1
2687.10000000003,32,1
2919.80000000004,32,1
-943.433333333225,64,1
-478.099999999893,64,1
299.966666666776,64,1
427.633333333441,64,1
484.833333333441,64,1
547.000000000109,64,1
562.066666666775,64,1
700.366666666774,64,1
844.700000000106,64,1
974.000000000109,64,1
1046.20000000011,64,1
1830.70000000011,64,1
1982.36666666677,64,1
2114.23333333344,64,1
2276.16666666677,64,1
2620.83333333344,64,1
-995.166666666606,128,1
-833.233333333275,128,1
-488.566666666607,128,1
-76.6333333332732,128,1
164.133333333393,128,1
644.966666666725,128,1
956.700000000059,128,1
961.666666666726,128,1
1207.66666666673,128,1
1276.10000000006,128,1
1325.20000000006,128,1
1725.53333333339,128,1
1984.03333333339,128,1
2283.56666666673,128,1
2443.40000000006,128,1
2595.66666666673,128,1
2807.30000000006,128,1
-825.800000000076,256,1
-665.966666666744,256,1
-513.700000000077,256,1
-302.066666666746,256,1
23.1999999999243,256,1
303.099999999926,256,1
475.599999999922,256,1
813.26666666659,256,1
1315.13333333325,256,1
1478.33333333326,256,1
1488.86666666658,256,1
2227.23333333326,256,1
2353.89999999992,256,1
2743.53333333326,256,1
-988.13333333336,1,2
-942.833333333365,1,2
-925.400000000023,1,2
-831.000000000029,1,2
-492.333333333365,1,2
-490.266666666692,1,2
-380.366666666698,1,2
-77.0666666666948,1,2
243.133333333302,1,2
572.466666666638,1,2
603.033333333304,1,2
702.699999999968,1,2
1718.96666666664,1,2
2042.66666666664,1,2
2043.86666666664,1,2
2340.26666666664,1,2
2612.93333333331,1,2
2788.09999999997,1,2
-758.766666666656,2,2
-658.93333333332,2,2
-489.233333333323,2,2
-376.666666666657,2,2
25.0000000000073,2,2
124.700000000012,2,2
695.933333333349,2,2
709.133333333346,2,2
1014.10000000001,2,2
1590.23333333334,2,2
2030.73333333334,2,2
2255.60000000001,2,2
2256.36666666668,2,2
2513.36666666668,2,2
2688.53333333335,2,2
2790.26666666668,2,2
2991.60000000001,2,2
-951.033333333304,4,2
-826.899999999965,4,2
-803.333333333299,4,2
-629.533333333304,4,2
-555.999999999971,4,2
-77.7333333333008,4,2
-57.7333333333081,4,2
19.7666666666992,4,2
625.600000000035,4,2
954.166666666701,4,2
1077.2666666667,4,2
1380.90000000003,4,2
1445.43333333337,4,2
1701.63333333337,4,2
1894.1666666667,4,2
1939.83333333336,4,2
2330.4666666667,4,2
2503.63333333337,4,2
2620.3666666667,4,2
2987.80000000003,4,2
-774.466666666689,8,2
-501.800000000025,8,2
-326.63333333336,8,2
-110.533333333355,8,2
1105.66666666664,8,2
1994.06666666664,8,2
2032.76666666664,8,2
2345.26666666664,8,2
2445.09999999998,8,2
2614.79999999997,8,2
2727.36666666664,8,2
-789.566666666658,16,2
-616.399999999994,16,2
-499.666666666664,16,2
-132.23333333333,16,2
-49.2333333333299,16,2
-47.6333333333314,16,2
937.200000000004,16,2
995.300000000003,16,2
1006.33333333334,16,2
1415.26666666667,16,2
1518.5,16,2
1528.10000000001,16,2
1644.86666666667,16,2
1896.53333333333,16,2
2262.13333333333,16,2
2286.8,16,2
-917.566666666557,32,2
-808.366666666552,32,2
-793.333333333219,32,2
-763.066666666549,32,2
-613.033333333216,32,2
-547.366666666552,32,2
-327.899999999878,32,2
328.066666666782,32,2
834.900000000118,32,2
1340.10000000011,32,2
1422.30000000012,32,2
1614.30000000012,32,2
1642.66666666678,32,2
1740.56666666678,32,2
1823.76666666679,32,2
1915.73333333345,32,2
1923.50000000012,32,2
1928.73333333345,32,2
1972.00000000012,32,2
2011.63333333345,32,2
2163.66666666678,32,2
2287.80000000012,32,2
2311.36666666679,32,2
2485.16666666678,32,2
2558.70000000011,32,2
-643.36666666661,64,2
-510.833333333278,64,2
-493.299999999945,64,2
-491.166666666613,64,2
-486.999999999949,64,2
-276.86666666661,64,2
-200.36666666661,64,2
184.900000000052,64,2
269.033333333391,64,2
392.933333333385,64,2
613.500000000058,64,2
843.900000000052,64,2
909.033333333391,64,2
1036.20000000006,64,2
1895.2333333334,64,2
2087.20000000006,64,2
2110.96666666673,64,2
2126.56666666672,64,2
2171.86666666672,64,2
2189.30000000006,64,2
2283.70000000006,64,2
2622.36666666672,64,2
2624.43333333339,64,2
2734.33333333339,64,2
-852.600000000006,128,2
-827.933333333334,128,2
38.1666666666715,128,2
54.3333333333358,128,2
141.5,128,2
651.666666666664,128,2
1023.66666666666,128,2
1041.06666666667,128,2
1068.9,128,2
1247.5,128,2
1423.56666666667,128,2
1442.26666666667,128,2
1494.56666666667,128,2
1554.83333333334,128,2
1748.73333333334,128,2
2017.3,128,2
17.2333333334245,256,2
450.333333333423,256,2
644.000000000087,256,2
739.200000000092,256,2
755.633333333426,256,2
1438.4000000001,256,2
1862.20000000009,256,2
2024.10000000009,256,2
2047.83333333342,256,2
2476.66666666676,256,2
2609.20000000009,256,2
2626.73333333342,256,2
2628.86666666676,256,2
2633.03333333342,256,2
2843.16666666676,256,2
2919.66666666676,256,2
-888.866666666698,1,3
-855.700000000026,1,3
-836.300000000032,1,3
-784.333333333372,1,3
-650.933333333363,1,3
-613.000000000029,1,3
-519.966666666689,1,3
47.6666666666424,1,3
68.8333333332994,1,3
137.599999999977,1,3
344.39999999998,1,3
405.199999999983,1,3
659.699999999968,1,3
814.466666666631,1,3
1174.19999999997,1,3
1232.29999999996,1,3
1308.69999999997,1,3
1580.93333333331,1,3
1670.3333333333,1,3
1866.3333333333,1,3
1900.96666666663,1,3
2066.96666666665,1,3
2070.26666666663,1,3
2097.6333333333,1,3
2163.8333333333,1,3
2636.19999999997,1,3
2774.16666666664,1,3
2937.29999999997,1,3
-805.899999999921,2,3
-643.999999999927,2,3
-381.499999999913,2,3
-351.466666666587,2,3
-329.133333333244,2,3
-87.7666666665755,2,3
-83.1333333332441,2,3
-22.4666666665871,2,3
6.6333333334187,2,3
18.9333333334216,2,3
21.5000000000873,2,3
213.366666666741,2,3
317.333333333401,2,3
333.000000000087,2,3
594.500000000087,2,3
761.73333333341,2,3
1368.43333333341,2,3
1383.96666666675,2,3
1475.26666666675,2,3
1737.76666666675,2,3
2276.03333333341,2,3
2283.33333333342,2,3
2307.80000000009,2,3
2804.60000000008,2,3
-181.099999999962,4,3
677.466666666704,4,3
1335.6666666667,4,3
1952.03333333337,4,3
2105.4666666667,4,3
2198.43333333338,4,3
2440.20000000004,4,3
2645.40000000004,4,3
2670.00000000003,4,3
2682.06666666671,4,3
2765.93333333336,4,3
2789.13333333338,4,3
2815.63333333338,4,3
-945.533333333267,8,3
-473.166666666599,8,3
-335.199999999924,8,3
-172.066666666593,8,3
871.333333333401,8,3
2107.2333333334,8,3
2319.46666666673,8,3
2481.36666666673,8,3
2743.86666666674,8,3
2773.90000000007,8,3
2796.23333333341,8,3
-895.966666666558,16,3
-871.366666666567,16,3
-859.299999999886,16,3
-775.433333333232,16,3
-752.233333333221,16,3
-725.733333333221,16,3
-349.63333333323,16,3
-225.966666666573,16,3
1660.13333333343,16,3
2199.86666666677,16,3
2283.10000000011,16,3
2557.10000000011,16,3
2793.63333333345,16,3
-980.299999999886,32,3
-746.066666666564,32,3
-563.933333333232,32,3
-557.199999999895,32,3
-87.099999999904,32,3
461.633333333433,32,3
478.233333333439,32,3
549.200000000099,32,3
614.166666666773,32,3
671.066666666768,32,3
743.200000000114,32,3
1142.83333333343,32,3
1208.16666666677,32,3
1745.8000000001,32,3
1765.0000000001,32,3
1766.5000000001,32,3
1794.76666666676,32,3
1896.90000000011,32,3
2316.06666666678,32,3
2340.40000000011,32,3
2360.03333333344,32,3
2407.26666666676,32,3
2548.7000000001,32,3
-843.999999999956,64,3
-836.699999999953,64,3
-812.233333333279,64,3
-315.433333333291,64,3
137.500000000044,64,3
425.566666666709,64,3
453.866666666712,64,3
460.833333333387,64,3
642.133333333375,64,3
718.000000000044,64,3
787.100000000049,64,3
1016.13333333339,64,3
1043.30000000005,64,3
1298.80000000005,64,3
1386.80000000005,64,3
1798.93333333338,64,3
1929.03333333338,64,3
2078.23333333338,64,3
2139.76666666672,64,3
2374.00000000004,64,3
2556.13333333338,64,3
2562.86666666671,64,3
-864.433333333349,128,3
-863.666666666686,128,3
-606.666666666679,128,3
-431.500000000015,128,3
-329.766666666685,128,3
-128.433333333349,128,3
-114.10000000002,128,3
106.766666666648,128,3
165.466666666645,128,3
232.466666666653,128,3
249.93333333332,128,3
268.333333333321,128,3
378.299999999981,128,3
633.566666666658,128,3
670.466666666638,128,3
902.199999999975,128,3
1053.26666666664,128,3
1293.23333333332,128,3
1323.19999999999,128,3
1385.99999999998,128,3
1426.29999999998,128,3
1472.33333333331,128,3
1530.96666666664,128,3
1590.19999999999,128,3
1724.39999999997,128,3
2011.69999999998,128,3
2064.93333333331,128,3
2938.96666666665,128,3
-909.500000000029,256,3
-826.266666666692,256,3
-552.266666666692,256,3
-315.733333333352,256,3
-67.3333333333721,256,3
94.8333333333139,256,3
111.099999999977,256,3
329.666666666642,256,3
336.099999999977,256,3
574.766666666634,256,3
945.266666666634,256,3
1544.23333333331,256,3
1791.66666666664,256,3
2225.86666666664,256,3
2259.03333333331,256,3
2278.43333333331,256,3
2330.39999999997,256,3
2463.79999999997,256,3
2501.73333333331,256,3
2594.76666666665,256,3
-975.066666666593,1,4
-949.399999999921,1,4
-885.633333333259,1,4
-861.999999999927,1,4
-627.966666666573,1,4
-456.333333333241,1,4
-439.366666666581,1,4
-405.999999999913,1,4
-325.366666666581,1,4
-159.133333333259,1,4
-141.066666666593,1,4
-82.2999999999156,1,4
-63.933333333247,1,4
50.2666666667501,1,4
122.26666666675,1,4
128.300000000076,1,4
366.566666666738,1,4
1166.10000000009,1,4
1522.66666666676,1,4
1666.76666666675,1,4
2141.30000000009,1,4
2265.16666666674,1,4
2308.76666666675,1,4
2459.83333333342,1,4
2529.16666666674,1,4
2585.86666666674,1,4
2603.66666666674,1,4
2654.76666666675,1,4
2662.00000000007,1,4
2677.13333333342,1,4
2809.40000000008,1,4
2897.66666666676,1,4
2935.20000000008,1,4
-916.999999999884,2,4
-654.499999999884,2,4
-246.266666666546,2,4
-181.533333333224,2,4
825.866666666785,2,4
2047.83333333344,2,4
2083.76666666678,2,4
2144.96666666678,2,4
2170.63333333345,2,4
2234.40000000011,2,4
2258.03333333344,2,4
2492.0666666668,2,4
2663.70000000013,2,4
2680.66666666679,2,4
2714.03333333346,2,4
2794.66666666679,2,4
2960.90000000011,2,4
2978.96666666678,2,4
-498.233333333395,4,4
-405.133333333375,4,4
24.2999999999447,4,4
439.633333333273,4,4
473.633333333288,4,4
510.499999999956,4,4
599.733333333279,4,4
647.766666666619,4,4
1446.26666666662,4,4
2084.89999999995,4,4
-445.799999999945,8,4
-173.199999999953,8,4
28.8666666667123,8,4
760.866666666727,8,4
2419.43333333339,8,4
2521.10000000006,8,4
2542.40000000005,8,4
-695.299999999945,16,4
-593.633333333273,16,4
-572.333333333285,16,4
8.46666666671808,16,4
13.7333333333954,16,4
77.0333333333838,16,4
252.533333333384,16,4
1136.60000000005,16,4
1236.23333333338,16,4
1455.30000000005,16,4
2417.83333333339,16,4
2606.96666666672,16,4
2652.16666666672,16,4
-793.300000000032,32,4
-768.966666666704,32,4
-749.333333333372,32,4
-702.100000000049,32,4
-560.666666666715,32,4
-106.466666666704,32,4
-26.4666666667181,32,4
296.633333333288,32,4
297.966666666616,32,4
616.999999999956,32,4
736.866666666625,32,4
844.233333333294,32,4
934.666666666628,32,4
952.333333333299,32,4
1092.63333333329,32,4
1134.69999999997,32,4
1428.69999999995,32,4
1438.29999999996,32,4
1804.69999999997,32,4
2663.56666666662,32,4
2936.16666666661,32,4
1264.5,64,4
1743.43333333333,64,4
2161.26666666668,64,4
2233.16666666667,64,4
2324.16666666669,64,4
2619.26666666666,64,4
2704.73333333335,64,4
2791.96666666667,64,4
-973.433333333247,128,4
-849.566666666593,128,4
-805.966666666587,128,4
-654.899999999921,128,4
-585.566666666593,128,4
-528.866666666596,128,4
-511.066666666593,128,4
-459.966666666587,128,4
-452.733333333264,128,4
-437.599999999919,128,4
-305.333333333256,128,4
-217.066666666578,128,4
-179.533333333253,128,4
-78.3999999999214,128,4
709.833333333401,128,4
769.133333333419,128,4
789.133333333404,128,4
799.800000000076,128,4
1036.53333333341,128,4
2611.1333333334,128,4
2704.23333333342,128,4
-696.866666666698,256,4
-507.733333333366,256,4
-462.533333333369,256,4
-71.0333333333692,256,4
-46.4333333333634,256,4
-7.23333333336632,256,4
203.633333333302,256,4
300.233333333308,256,4
963.733333333308,256,4
1119.29999999996,256,4
1299.6333333333,256,4
1306.26666666665,256,4
1388.46666666663,256,4
1757.76666666663,256,4
1782.73333333329,256,4
1841.66666666664,256,4
1938.99999999996,256,4
2197.69999999997,256,4
2460.19999999997,256,4
2868.43333333331,256,4
2933.16666666663,256,4
-950.199999999953,1,5
-846.86666666664,1,5
-426.166666666628,1,5
-342.133333333302,1,5
-228.566666666622,1,5
-194.199999999953,1,5
38.7000000000407,1,5
56.1000000000349,1,5
1166.13333333339,1,5
1737.76666666669,1,5
2124.53333333335,1,5
2148.50000000003,1,5
2204.93333333335,1,5
2288.9666666667,1,5
2310.56666666671,1,5
2719.90000000005,1,5
2732.93333333338,1,5
2745.50000000003,1,5
2759.03333333335,1,5
2762.20000000004,1,5
2801.9666666667,1,5
-790.166666666511,2,5
-780.533333333209,2,5
-651.466666666529,2,5
19.0666666668258,2,5
1058.00000000015,2,5
1492.60000000012,2,5
1498.40000000014,2,5
1545.80000000013,2,5
1570.13333333348,2,5
1860.70000000013,2,5
1923.80000000013,2,5
1931.90000000014,2,5
2011.6666666668,2,5
2051.6666666668,2,5
2164.50000000015,2,5
2267.83333333346,2,5
2688.53333333347,2,5
2772.5666666668,2,5
2886.13333333348,2,5
2920.50000000015,2,5
-995.5,4,5
-971.533333333326,4,5
-915.100000000006,4,5
-831.066666666651,4,5
-809.466666666645,4,5
-400.133333333302,4,5
-387.099999999977,4,5
-374.533333333326,4,5
-361,4,5
-357.833333333314,4,5
-318.066666666651,4,5
-106.699999999983,4,5
-104.93333333332,4,5
2039.10000000001,4,5
2121.3666666667,4,5
2159.70000000001,4,5
2321.8666666667,4,5
2335.13333333333,4,5
2342.53333333335,4,5
2412.93333333335,4,5
2423.8666666667,4,5
2427.00000000003,4,5
2433.36666666667,4,5
2487.43333333335,4,5
2507.16666666669,4,5
2743.23333333337,4,5
2954.76666666666,4,5
2977.26666666669,4,5
2980.46666666667,4,5
2992.16666666669,4,5
-665.699999999895,8,5
-629.066666666564,8,5
-376.066666666549,8,5
-288.266666666561,8,5
-229.16666666657,8,5
401.400000000111,8,5
1658.56666666677,8,5
2361.86666666679,8,5
2371.50000000009,8,5
2500.56666666677,8,5
-988.033333333355,16,5
-949.700000000041,16,5
-787.533333333355,16,5
-774.266666666721,16,5
-766.866666666698,16,5
-696.466666666704,16,5
-685.533333333355,16,5
-682.400000000023,16,5
-676.033333333384,16,5
-621.966666666704,16,5
-602.233333333366,16,5
-366.166666666686,16,5
-154.63333333339,16,5
-132.13333333336,16,5
-128.933333333378,16,5
-117.233333333366,16,5
-82.9333333333489,16,5
1255.06666666662,16,5
1732.29999999999,16,5
1800.66666666663,16,5
1860.93333333329,16,5
2061.76666666663,16,5
2230.96666666662,16,5
-975.833333333416,32,5
-633.933333333422,32,5
-614.100000000079,32,5
-141.033333333413,32,5
-74.3666666667414,32,5
-68.0000000000873,32,5
-17.23333333341,32,5
-13.6333333334187,32,5
92.0666666665784,32,5
195.866666666581,32,5
1275.93333333326,32,5
1359.93333333326,32,5
1370.86666666658,32,5
1661.39999999994,32,5
1977.66666666658,32,5
2007.19999999992,32,5
2053.4666666666,32,5
2096.33333333327,32,5
2443.69999999992,32,5
2480.33333333326,32,5
2733.33333333327,32,5
2821.13333333326,32,5
2880.23333333325,32,5
-883.73333333325,64,5
25.4333333334362,64,5
47.9666666667617,64,5
277.033333333413,64,5
831.300000000105,64,5
1911.83333333343,64,5
2142.00000000009,64,5
2196.43333333341,64,5
2290.16666666677,64,5
2817.2000000001,64,5
2884.46666666676,64,5
-281.66666666657,128,5
320.100000000108,128,5
392.266666666765,128,5
525.200000000099,128,5
1078.5000000001,128,5
1357.86666666677,128,5
1573.96666666678,128,5
1615.73333333344,128,5
1723.63333333343,128,5
2128.2000000001,128,5
2470.10000000009,128,5
2489.93333333344,128,5
2963.0000000001,128,5
-948.133333333375,256,5
-876.233333333381,256,5
-785.233333333366,256,5
-490.13333333339,256,5
-404.666666666701,256,5
-317.433333333378,256,5
8.16666666661331,256,5
160.933333333276,256,5
229.899999999951,256,5
264.366666666625,256,5
775.633333333288,256,5
819.399999999951,256,5
890.899999999951,256,5
1311.99999999994,256,5
1348.79999999994,256,5
1554.53333333328,256,5
1569.63333333329,256,5
1658.99999999996,256,5
2833.03333333328,256,5
-934.866666666552,1,6
-849.633333333215,1,6
-812.066666666535,1,6
-639.166666666541,1,6
-485.933333333203,1,6
-433.566666666535,1,6
-221.899999999878,1,6
-145.599999999889,1,6
26.1333333334478,1,6
37.2666666667792,1,6
111.400000000111,1,6
292.766666666779,1,6
2212.76666666678,1,6
2298.8000000001,1,6
2312.26666666681,1,6
2408.43333333344,1,6
2642.93333333344,1,6
2719.46666666679,1,6
2747.86666666679,1,6
-978.033333333267,2,6
-923.599999999948,2,6
-829.866666666581,2,6
-302.833333333256,2,6
-235.566666666593,2,6
-117.066666666593,2,6
-111.633333333244,2,6
832.466666666733,2,6
991.300000000076,2,6
1522.33333333343,2,6
1577.93333333341,2,6
2185.20000000007,2,6
2270.43333333341,2,6
2308.00000000009,2,6
2480.90000000008,2,6
2634.13333333342,2,6
2686.50000000009,2,6
2898.16666666674,2,6
2974.46666666673,2,6
-924.999999999971,4,6
-796.833333333285,4,6
-630.933333333291,4,6
-580.033333333267,4,6
-509.499999999942,4,6
-267.533333333267,4,6
-212.299999999959,4,6
-24.4666666666162,4,6
543.900000000052,4,6
1852.83333333337,4,6
2029.60000000003,4,6
2836.23333333337,4,6
-273.133333333419,8,6
-107.100000000093,8,6
-100.63333333339,8,6
24.6333333332732,8,6
1081.09999999995,8,6
2157.6666666666,8,6
2199.69999999992,8,6
2233.33333333328,8,6
2263.39999999994,8,6
2288.86666666661,8,6
2307.39999999994,8,6
2544.49999999991,8,6
2593.26666666658,8,6
2973.63333333327,8,6
-907.266666666575,16,6
-821.23333333325,16,6
-807.766666666546,16,6
-711.599999999919,16,6
-477.099999999919,16,6
-400.566666666564,16,6
-372.16666666657,16,6
345.566666666768,16,6
1417.00000000009,16,6
1751.06666666677,16,6
1912.53333333341,16,6
2032.66666666677,16,6
2071.73333333342,16,6
2096.86666666676,16,6
2195.03333333341,16,6
2323.2000000001,16,6
2489.10000000009,16,6
2540.00000000012,16,6
2610.53333333344,16,6
2852.50000000012,16,6
2907.73333333342,16,6
-810.099999999919,32,6
-796.899999999936,32,6
-388.033333333267,32,6
-334.533333333267,32,6
-54.7666666666046,32,6
414.966666666733,32,6
469.033333333384,32,6
1094.60000000006,32,6
1099.20000000004,32,6
1385.70000000007,32,6
1420.7333333334,32,6
1609.60000000006,32,6
1769.86666666673,32,6
1771.50000000006,32,6
2340.20000000007,32,6
2539.33333333337,32,6
2606.00000000009,32,6
-962.400000000023,64,6
-920.366666666698,64,6
-886.733333333337,64,6
-856.666666666686,64,6
-831.200000000012,64,6
-812.666666666686,64,6
-575.566666666709,64,6
-526.800000000047,64,6
-146.433333333349,64,6
121.399999999965,64,6
1125.19999999998,64,6
1357.29999999999,64,6
2007.16666666666,64,6
2057.19999999998,64,6
2299.26666666666,64,6
2312.46666666665,64,6
2721.33333333331,64,6
2774.83333333331,64,6
-769.166666666715,128,6
-570.033333333413,128,6
-503.366666666698,128,6
111.666666666599,128,6
120.333333333285,128,6
203.533333333267,128,6
224.933333333291,128,6
307.966666666616,128,6
918.766666666605,128,6
953.36666666661,128,6
1052.0333333333,128,6
1130.53333333327,128,6
1301.6666666666,128,6
1512.49999999994,128,6
2406.59999999995,128,6
2511.49999999994,128,6
2581.7666666666,128,6
2646.89999999994,128,6
-697.466666666616,256,6
-592.566666666622,256,6
-522.299999999959,256,6
-457.166666666628,256,6
-72.3666666666104,256,6
-63.4333333332906,256,6
-35.8333333332848,256,6
416.700000000041,256,6
419.233333333366,256,6
642.866666666698,256,6
677.000000000029,256,6
858.366666666698,256,6
1514.4666666667,256,6
1722.26666666669,256,6
1964.46666666673,256,6
2129.63333333339,256,6
2139.70000000004,256,6
2348.40000000005,256,6
2480.90000000002,256,6
2677.93333333338,256,6
2692.43333333338,256,6
2703.03333333338,256,6
-427.133333333302,1,7
-273.633333333302,1,7
-61.3666666666395,1,7
25.1666666666861,1,7
2054.33333333337,1,7
2184.4666666667,1,7
2512.63333333336,1,7
2537.93333333335,1,7
-804.666666666657,2,7
-520.56666666668,2,7
-450.56666666668,2,7
-126.600000000006,2,7
48.7999999999884,2,7
435.433333333349,2,7
570.766666666692,2,7
929.466666666674,2,7
1001.5,2,7
1264.63333333333,2,7
1278.60000000001,2,7
1501.73333333334,2,7
1549.23333333334,2,7
1846.53333333333,2,7
1851.10000000001,2,7
1929.36666666667,2,7
1951.26666666666,2,7
2216.06666666668,2,7
2284.93333333332,2,7
2551.60000000001,2,7
2780.33333333334,2,7
2829.30000000002,2,7
-670.833333333198,4,7
-628.166666666511,4,7
-554.766666666517,4,7
-433.433333333203,4,7
-354.799999999872,4,7
-299.566666666506,4,7
-143.966666666529,4,7
-70.3333333331975,4,7
-8.33333333316841,4,7
-3.13333333318587,4,7
8.26666666680831,4,7
20.1333333334769,4,7
28.9333333334653,4,7
1762.46666666682,4,7
1923.50000000015,4,7
2049.10000000015,4,7
2304.70000000016,4,7
2588.80000000013,4,7
2658.80000000013,4,7
2982.76666666681,4,7
-919.766666666634,8,7
-905.933333333291,8,7
-847.766666666605,8,7
-689.666666666599,8,7
-579.599999999948,8,7
-484.29999999993,8,7
-405.333333333256,8,7
-371.899999999936,8,7
-259.099999999948,8,7
-236.133333333273,8,7
143.966666666733,8,7
160.033333333384,8,7
405.066666666709,8,7
790.566666666738,8,7
1718.9666666667,8,7
2197.50000000006,8,7
2382.2333333334,8,7
2521.53333333338,8,7
2531.76666666672,8,7
2670.06666666674,8,7
2678.30000000005,8,7
2686.63333333339,8,7
2690.63333333342,8,7
2834.63333333339,8,7
2873.50000000006,8,7
-990.399999999965,16,7
-980.333333333314,16,7
-771.633333333302,16,7
-639.133333333331,16,7
-442.099999999977,16,7
-427.599999999977,16,7
-416.999999999971,16,7
394.266666666692,16,7
874.933333333349,16,7
1574.10000000001,16,7
1847.33333333334,16,7
1894.06666666671,16,7
2465.20000000001,16,7
2507.8666666667,16,7
2581.26666666669,16,7
2702.60000000001,16,7
2781.23333333334,16,7
2836.4666666667,16,7
2992.06666666668,16,7
-897.36666666664,32,7
-766.466666666645,32,7
-642.299999999959,32,7
11.7333333333663,32,7
14.2666666666919,32,7
331.800000000017,32,7
1040.46666666667,32,7
1310.53333333335,32,7
1629.26666666669,32,7
1666.23333333337,32,7
1768.56666666668,32,7
1867.53333333335,32,7
1909.53333333335,32,7
2143.56666666668,32,7
2172.83333333337,32,7
2606.70000000001,32,7
2695.43333333335,32,7
2812.70000000004,32,7
2830.60000000003,32,7
2931.60000000003,32,7
-965.799999999901,64,7
-936.533333333209,64,7
-502.66666666657,64,7
-413.933333333232,64,7
-296.666666666541,64,7
-278.766666666546,64,7
-177.766666666546,64,7
56.866666666785,64,7
241.566666666768,64,7
249.433333333465,64,7
329.266666666779,64,7
375.83333333343,64,7
661.000000000116,64,7
681.766666666779,64,7
714.233333333454,64,7
1070.7000000001,64,7
1399.40000000011,64,7
1660.90000000011,64,7
1772.90000000011,64,7
2020.23333333342,64,7
2033.5666666668,64,7
2035.06666666677,64,7
2098.33333333343,64,7
2237.63333333342,64,7
2251.46666666676,64,7
2309.63333333345,64,7
2467.73333333345,64,7
2577.8000000001,64,7
2673.10000000012,64,7
2752.0666666668,64,7
2785.50000000012,64,7
2898.3000000001,64,7
2921.26666666678,64,7
-922.533333333296,128,7
-737.799999999959,128,7
-598.499999999971,128,7
-588.266666666634,128,7
-449.966666666616,128,7
-441.733333333308,128,7
-433.399999999965,128,7
-429.399999999936,128,7
-285.399999999965,128,7
-246.533333333296,128,7
54.7000000000407,128,7
79.2000000000116,128,7
240.233333333366,128,7
393.066666666709,128,7
460.100000000035,128,7
528.866666666698,128,7
1082.30000000005,128,7
1148.43333333338,128,7
1258.83333333337,128,7
1374.70000000004,128,7
1676.83333333337,128,7
1967.26666666669,128,7
2698.23333333337,128,7
2851.73333333337,128,7
-909.333333333227,256,7
-840.466666666587,256,7
-573.799999999901,256,7
-345.066666666564,256,7
-296.099999999889,256,7
109.600000000093,256,7
216.533333333442,256,7
494.733333333425,256,7
545.066666666768,256,7
557.233333333425,256,7
822.700000000099,256,7
912.600000000093,256,7
918.700000000099,256,7
1033.10000000009,256,7
1142.10000000009,256,7
1872.40000000011,256,7
2217.33333333343,256,7
2348.23333333342,256,7
2472.40000000011,256,7
-731.433333333407,1,8
-710.500000000058,1,8
-685.933333333407,1,8
-175.333333333401,1,8
-96.2666666667501,1,8
33.7666666665755,1,8
169.433333333262,1,8
207.566666666593,1,8
1789.63333333327,1,8
2190.36666666661,1,8
2419.39999999994,1,8
2638.03333333327,1,8
2670.49999999994,1,8
2863.39999999991,1,8
-896.333333333285,2,8
-874.033333333296,2,8
-800.399999999965,2,8
-196.899999999965,2,8
1791.53333333335,2,8
1902.83333333334,2,8
2058.9666666667,2,8
2082.20000000004,2,8
2147.8666666667,2,8
2226.33333333334,2,8
2318.00000000003,2,8
2617.03333333335,2,8
2768.20000000004,2,8
2966.10000000003,2,8
-966.833333333401,4,8
-888.366666666756,4,8
-796.70000000007,4,8
-497.666666666744,4,8
-346.500000000058,4,8
-148.600000000064,4,8
-1.20000000006985,4,8
1063.59999999995,4,8
1509.96666666659,4,8
2301.76666666658,4,8
2337.83333333326,4,8
2379.63333333324,4,8
2617.7666666666,4,8
2670.86666666658,4,8
2740.93333333326,4,8
-924.333333333227,8,8
-695.299999999901,8,8
-476.66666666657,8,8
-444.199999999895,8,8
-251.29999999993,8,8
19.9000000001106,8,8
2145.13333333342,8,8
2279.86666666676,8,8
2363.63333333342,8,8
2439.7000000001,8,8
2547.16666666677,8,8
2563.73333333345,8,8
2679.7000000001,8,8
2988.60000000009,8,8
-830.66666666657,16,8
-613.166666666541,16,8
-569.766666666546,16,8
-459.266666666546,16,8
-449.566666666564,16,8
-417.599999999889,16,8
13.5666666667676,16,8
684.900000000111,16,8
839.533333333471,16,8
2095.00000000012,16,8
2388.63333333345,16,8
2409.5666666668,16,8
2434.13333333345,16,8
2944.73333333345,16,8
-843.233333333192,32,8
-714.866666666523,32,8
-701.199999999837,32,8
-555.266666666517,32,8
-349.466666666529,32,8
74.9000000001397,32,8
1082.96666666682,32,8
2320.86666666681,32,8
2489.86666666681,32,8
2512.20000000016,32,8
2650.66666666683,32,8
2687.1666666668,32,8
2896.90000000014,32,8
-980.23333333325,64,8
-845.499999999913,64,8
-761.73333333325,64,8
-685.66666666657,64,8
-578.199999999895,64,8
-561.633333333215,64,8
-445.66666666657,64,8
-136.766666666575,64,8
364.500000000087,64,8
1141.8000000001,64,8
1232.10000000009,64,8
1262.26666666675,64,8
2052.13333333345,64,8
2234.40000000011,64,8
2256.7000000001,64,8
2330.33333333343,64,8
2933.83333333343,64,8
-809.833333333343,128,8
-640.833333333343,128,8
-618.5,128,8
-480.033333333326,128,8
-443.533333333355,128,8
-233.800000000017,128,8
-119.866666666669,128,8
5.53333333332557,128,8
114.699999999983,128,8
194.266666666663,128,8
481.966666666645,128,8
573.533333333326,128,8
751.93333333332,128,8
909.266666666663,128,8
939.43333333332,128,8
942.533333333326,128,8
944.699999999983,128,8
1028.63333333333,128,8
1100.43333333332,128,8
1136.79999999999,128,8
1228.33333333331,128,8
1257.59999999998,128,8
1397.26666666666,128,8
1657.86666666667,128,8
1809.43333333332,128,8
1961.96666666667,128,8
2019.13333333333,128,8
2069.1333333333,128,8
2078.59999999998,128,8
2091.56666666665,128,8
2284.0333333333,128,8
2501.53333333333,128,8
2544.93333333332,128,8
2655.43333333332,128,8
2665.1333333333,128,8
2697.09999999998,128,8
-930.266666666634,256,8
-602.099999999977,256,8
-576.799999999988,256,8
-35.1999999999534,256,8
344.866666666698,256,8
608.200000000041,256,8
831.200000000041,256,8
902.000000000029,256,8
981.466666666704,256,8
1120.13333333336,256,8
1145.13333333336,256,8
1181.83333333337,256,8
1216.43333333338,256,8
1369.23333333337,256,8
1497.63333333336,256,8
1972.40000000002,256,8
2040.43333333335,256,8
2072.8666666667,256,8
2266.13333333336,256,8
2394.50000000003,256,8
2408.16666666672,256,8
2554.10000000003,256,8
2759.90000000002,256,8
26.5666666666802,1,9
43.3333333333721,1,9
1015.76666666666,1,9
1124.16666666669,1,9
1230.23333333334,1,9
1525.50000000003,1,9
1545.76666666669,1,9
1777.63333333333,1,9
2303.93333333338,1,9
2344.06666666668,1,9
2415.06666666671,1,9
2466.33333333337,1,9
2564.90000000002,1,9
2626.80000000002,1,9
2680.10000000001,1,9
2767,1,9
2823.89999999999,1,9
-828.933333333349,2,9
-792.866666666669,2,9
-751.06666666668,2,9
-512.93333333332,2,9
-459.833333333343,2,9
-389.766666666663,2,9
-115.43333333332,2,9
8.10000000000582,2,9
51.0333333333547,2,9
2105.56666666668,2,9
2259.36666666667,2,9
2301.23333333334,2,9
2442.30000000002,2,9
2526.13333333336,2,9
2676.39999999999,2,9
2690.40000000002,2,9
2745.33333333334,2,9
2775.83333333334,2,9
2924,2,9
-481.733333333337,4,9
-419.033333333326,4,9
-388.033333333355,4,9
-318.500000000029,4,9
-254.800000000017,4,9
1755.86666666664,4,9
2043.33333333334,4,9
2430.13333333333,4,9
2443.66666666666,4,9
2459.29999999999,4,9
2488.83333333331,4,9
2996.56666666665,4,9
-870.799999999988,8,9
-863.399999999994,8,9
-853.633333333302,8,9
-843.299999999988,8,9
-825.43333333332,8,9
-590.199999999983,8,9
-586.200000000012,8,9
-431.733333333308,8,9
-21.1333333333314,8,9
10.1333333333605,8,9
1404.5,8,9
1470.26666666669,8,9
1688.26666666669,8,9
2070.06666666668,8,9
2092.26666666669,8,9
2108.70000000001,8,9
2202.56666666668,8,9
-871.333333333256,16,9
-829.466666666587,16,9
-688.399999999907,16,9
-604.566666666564,16,9
-454.29999999993,16,9
-440.299999999901,16,9
-385.366666666581,16,9
-354.866666666581,16,9
-206.699999999924,16,9
-104.599999999919,16,9
-94.8666666665813,16,9
525.533333333413,16,9
1129.40000000008,16,9
1964.2333333334,16,9
2329.33333333343,16,9
2420.66666666674,16,9
2447.53333333341,16,9
2453.96666666673,16,9
-758.566666666535,32,9
-756.599999999889,32,9
-635.666666666541,32,9
-592.533333333209,32,9
-582.466666666529,32,9
-368.066666666535,32,9
-335.999999999884,32,9
-327.466666666529,32,9
-280.133333333186,32,9
-263.699999999866,32,9
-246.699999999866,32,9
153.000000000116,32,9
316.500000000116,32,9
354.733333333454,32,9
368.933333333465,32,9
680.866666666814,32,9
785.100000000122,32,9
884.90000000014,32,9
1461.46666666679,32,9
1779.46666666679,32,9
1817.53333333347,32,9
1907.20000000016,32,9
1948.5666666668,32,9
2041.90000000011,32,9
-913.400000000081,64,9
-822.066666666768,64,9
-795.200000000099,64,9
-788.766666666779,64,9
-202.76666666675,64,9
-166.066666666768,64,9
-146.166666666744,64,9
387.066666666564,64,9
456.499999999913,64,9
566.433333333232,64,9
706.633333333244,64,9
1224.59999999992,64,9
1349.76666666658,64,9
2675.63333333324,64,9
2738.33333333326,64,9
2769.33333333323,64,9
2838.86666666655,64,9
2902.56666666656,64,9
-695.233333333308,128,9
-681.699999999983,128,9
-666.066666666651,128,9
-636.533333333326,128,9
-128.799999999988,128,9
10.1000000000058,128,9
14.833333333343,128,9
211.333333333343,128,9
233.13333333336,128,9
312.56666666668,128,9
318.433333333349,128,9
717,128,9
817.833333333372,128,9
853.666666666686,128,9
856.733333333337,128,9
1253.20000000001,128,9
1416.20000000004,128,9
1499.73333333334,128,9
1892.83333333334,128,9
1921.80000000002,128,9
2243.93333333335,128,9
2251.33333333334,128,9
2261.10000000003,128,9
2271.43333333335,128,9
2289.30000000002,128,9
2524.53333333335,128,9
2528.53333333333,128,9
2683.00000000003,128,9
-917.466666666674,256,9
89.3333333333139,256,9
366.200000000012,256,9
441.733333333337,256,9
463.699999999983,256,9
794.433333333349,256,9
799.533333333326,256,9
1042.03333333335,256,9
1200.63333333333,256,9
1214.86666666667,256,9
1396.73333333331,256,9
1495.06666666665,256,9
1633.69999999998,256,9
1664.69999999998,256,9
1751.33333333331,256,9
1806,256,9
1957.26666666666,256,9
2356.13333333333,256,9
2358.09999999998,256,9
2479.03333333333,256,9
2522.16666666666,256,9
2532.23333333334,256,9
2746.63333333333,256,9
2778.69999999998,256,9
2787.23333333334,256,9
2834.56666666668,256,9
2851,256,9
2868,256,9
-590.166666666744,1,10
-454.166666666686,1,10
-410.300000000047,1,10
-29.3333333333721,1,10
-5.73333333339542,1,10
23.4666666666162,1,10
28.8999999999069,1,10
53.6333333333023,1,10
182.699999999953,1,10
242.566666666651,1,10
1516.36666666664,1,10
1722.86666666664,1,10
1946.79999999993,1,10
2128.46666666662,1,10
2156.46666666656,1,10
2412.99999999994,1,10
2515.23333333328,1,10
2613.1333333333,1,10
2749.6999999999,1,10
2916.39999999997,1,10
2950.7666666666,1,10
-842.766666666663,2,10
-802.63333333336,2,10
-731.633333333331,2,10
-680.366666666669,2,10
-581.800000000017,2,10
-519.900000000023,2,10
-466.600000000035,2,10
-379.700000000041,2,10
-322.800000000047,2,10
2095.66666666663,2,10
2203.1333333333,2,10
2504.76666666666,2,10
2571.06666666659,2,10
2620.89999999997,2,10
2830.1333333333,2,10
2910.66666666663,2,10
-984.79999999993,4,10
-960.533333333326,4,10
-552.133333333302,4,10
-513.133333333302,4,10
-316.166666666628,4,10
-298.633333333302,4,10
-141.86666666664,4,10
-59.2666666666628,4,10
2010.30000000005,4,10
2031.8666666667,4,10
2274.66666666669,4,10
2351.40000000002,4,10
2510.63333333336,4,10
2612.70000000001,4,10
2706.33333333337,4,10
2968.96666666667,4,10
-845.366666666698,8,10
-768.63333333336,8,10
-609.400000000023,8,10
-507.333333333372,8,10
-413.700000000012,8,10
-151.066666666709,8,10
-67.7333333333954,8,10
756.433333333349,8,10
1427.1333333333,8,10
2101.23333333328,8,10
2118.36666666664,8,10
2160.86666666664,8,10
2236.89999999997,8,10
2356.20000000001,8,10
2360.6333333333,8,10
2425.36666666664,8,10
2729.56666666665,8,10
2744.33333333331,8,10
2869.16666666663,8,10
-793.233333333221,16,10
-679.16666666657,16,10
-664.66666666657,16,10
-374.366666666581,16,10
-67.7333333332208,16,10
2032.03333333344,16,10
2129.90000000014,16,10
2154.16666666674,16,10
2562.56666666677,16,10
2601.56666666677,16,10
2798.53333333344,16,10
2816.06666666677,16,10
2972.83333333343,16,10
-922.233333333337,32,10
-620.599999999977,32,10
-554.300000000047,32,10
-504.466666666674,32,10
-295.233333333337,32,10
-214.700000000012,32,10
-33.9333333333489,32,10
36.4333333332906,32,10
1752.03333333338,32,10
1781.26666666666,32,10
1829.13333333336,32,10
2015.03333333333,32,10
2332.16666666669,32,10
2446.23333333334,32,10
2460.73333333334,32,10
2751.03333333333,32,10
-979.566666666651,64,10
-723.033333333267,64,10
-620.79999999993,64,10
-522.899999999907,64,10
-386.333333333314,64,10
-219.633333333244,64,10
-185.266666666605,64,10
-49.5666666665929,64,10
391.866666666756,64,10
420.666666666744,64,10
425.83333333343,64,10
484.966666666733,64,10
488.366666666698,64,10
1288.36666666676,64,10
1336.7333333334,64,10
1393.63333333336,64,10
1910.50000000006,64,10
1911.46666666673,64,10
1933.00000000006,64,10
2220.60000000003,64,10
2662.16666666674,64,10
2675.70000000007,64,10
2764.16666666674,64,10
2807.16666666674,64,10
-959.166666666686,128,10
-883.13333333336,128,10
-763.833333333314,128,10
-759.400000000023,128,10
-694.666666666686,128,10
-390.466666666674,128,10
-375.700000000012,128,10
-250.866666666698,128,10
750.733333333337,128,10
877.36666666664,128,10
1648.59999999998,128,10
1895.5,128,10
2009.43333333329,128,10
2545.89999999997,128,10
2681.90000000002,128,10
2725.76666666666,128,10
-899.433333333349,256,10
-457.86666666664,256,10
-444.333333333314,256,10
-355.86666666664,256,10
-312.86666666664,256,10
13.2999999999884,256,10
1032.56666666671,256,10
1238.5,256,10
1665.13333333336,256,10
2079.29999999999,256,10
2212.06666666665,256,10
2442.8666666667,256,10
2614.93333333335,256,10
2975.93333333335,256,10
-699.966666666674,1,11
8.36666666669771,1,11
28.2333333333372,1,11
37.6999999999534,1,11
2135.66666666669,1,11
2473.26666666666,1,11
2559.89999999997,1,11
2607.1333333333,1,11
2703.66666666663,1,11
-835.466666666558,2,11
-518.533333333209,2,11
-407.966666666558,2,11
1202.76666666678,2,11
2078.76666666684,2,11
2111.43333333347,2,11
2266.70000000013,2,11
2366.96666666679,2,11
2467.63333333348,2,11
2722.13333333348,2,11
2892.56666666683,2,11
-984.366666666698,4,11
-646.766666666721,4,11
-560.133333333419,4,11
-512.900000000081,4,11
-416.366666666756,4,11
1090.23333333328,4,11
2279.99999999994,4,11
2354.89999999997,4,11
-728.200000000012,8,11
-260.066666666709,8,11
14.6999999999534,8,11
2027.76666666666,8,11
2230.39999999997,8,11
2380.19999999995,8,11
2657.79999999993,8,11
2998.39999999991,8,11
-845.399999999907,16,11
-770.499999999884,16,11
1737.2333333334,16,11
2295.2333333334,16,11
2612.16666666674,16,11
2722.7333333334,16,11
-942.633333333244,32,11
-791.533333333267,32,11
-485.233333333221,32,11
-103.266666666605,32,11
-41.2999999999302,32,11
2091.06666666677,32,11
2436.06666666677,32,11
-929.333333333314,64,11
-698.533333333267,64,11
-526.466666666616,64,11
-165.466666666616,64,11
130.366666666698,64,11
433.800000000047,64,11
438.63333333336,64,11
1478.56666666671,64,11
2188.06666666671,64,11
2339.16666666669,64,11
2645.46666666673,64,11
-954.666666666744,128,11
-854.400000000081,128,11
-753.733333333395,128,11
-499.233333333395,128,11
-328.800000000047,128,11
-45.8666666667559,128,11
121.233333333279,128,11
368.766666666605,128,11
482.899999999907,128,11
497.099999999977,128,11
519.699999999895,128,11
664.599999999919,128,11
929.933333333232,128,11
1110.59999999992,128,11
1254.66666666663,128,11
1400.79999999993,128,11
1417.39999999997,128,11
1503.53333333327,128,11
1508.89999999997,128,11
1823.16666666657,128,11
1928.59999999992,128,11
2037.83333333326,128,11
2439.86666666664,128,11
2907.99999999994,128,11
-894.966666666674,256,11
-745.166666666686,256,11
-467.566666666709,256,11
-126.966666666733,256,11
33.0666666665929,256,11
710,256,11
759.566666666651,256,11
1702.73333333328,256,11
1778.36666666664,256,11
1815.89999999997,256,11
2185.6333333333,256,11
-484.400000000081,1,12
-249.5,1,12
-83.3666666666977,1,12
125.333333333256,1,12
140.79999999993,1,12
169.29999999993,1,12
202.299999999988,1,12
334.466666666616,1,12
406.233333333279,1,12
748.733333333279,1,12
921.79999999993,1,12
1621.39999999997,1,12
1743.13333333324,1,12
2024.96666666662,1,12
2300.49999999994,1,12
2313.20000000001,1,12
2331.16666666663,1,12
2485.39999999997,1,12
2637.99999999994,1,12
2985.16666666663,1,12
-700.999999999942,2,12
-548.066666666651,2,12
-543.733333333279,2,12
-498.266666666663,2,12
-484.79999999993,2,12
-468.799999999988,2,12
-326.733333333279,2,12
-306.433333333291,2,12
-23.2999999999302,2,12
143.400000000081,2,12
640.366666666698,2,12
671.066666666768,2,12
1651.00000000006,2,12
2088.10000000003,2,12
2211.70000000001,2,12
2291.60000000003,2,12
2496.66666666669,2,12
2500.16666666674,2,12
2958.53333333338,2,12
-851.533333333326,4,12
-838.833333333256,4,12
-820.86666666664,4,12
-666.633333333302,4,12
-514.033333333326,4,12
-166.86666666664,4,12
-139.266666666663,4,12
-59.9333333332906,4,12
1379.73333333334,4,12
2577.5,4,12
2950.10000000003,4,12
-964.86666666664,8,12
-846.566666666651,8,12
-816.033333333326,8,12
-659.066666666651,8,12
-602.799999999988,8,12
-414.766666666605,8,12
-412.466666666616,8,12
-62.2666666666628,8,12
811.033333333384,8,12
2634.03333333333,8,12
2731.63333333336,8,12
2850.23333333334,8,12
-908.333333333372,16,12
-828.433333333349,16,12
-623.366666666698,16,12
-619.86666666664,16,12
-161.5,16,12
-90.5999999999767,16,12
58.5333333333256,16,12
697.200000000012,16,12
1266.93333333335,16,12
1281.20000000001,16,12
1432.83333333337,16,12
2109.89999999997,16,12
2160.5,16,12
2278.79999999999,16,12
2309.33333333331,16,12
2466.29999999999,16,12
2522.56666666665,16,12
2710.60000000003,16,12
2712.90000000002,16,12
-945.066666666651,32,12
-100,32,12
-57.1333333333023,32,12
-53.3666666666977,32,12
-27.7000000000116,32,12
22.2000000000116,32,12
656.666666666686,32,12
709.100000000035,32,12
751.36666666664,32,12
878.800000000047,32,12
1091.46666666667,32,12
1155.93333333335,32,12
1739.66666666669,32,12
1862.13333333336,32,12
1895.33333333337,32,12
2118.43333333335,32,12
2646.33333333331,32,12
2881.2333333334,32,12
-496.666666666628,64,12
-399.066666666593,64,12
-280.466666666616,64,12
-67.0333333332674,64,12
123.833333333372,64,12
653.33333333343,64,12
717.13333333336,64,12
1925.8000000001,64,12
1932.30000000005,64,12
2211.3666666667,64,12
2322.86666666676,64,12
2610.53333333344,64,12
2662.53333333338,64,12
-914.033333333442,128,12
-802.533333333384,128,12
-514.866666666698,128,12
-462.866666666756,128,12
120.133333333244,128,12
1290.16666666657,128,12
1363.99999999988,128,12
2256.29999999993,128,12
2277.96666666656,128,12
-574.533333333326,256,12
-201.933333333291,256,12
19.0000000000582,256,12
253.5,256,12
274.433333333349,256,12
600.566666666709,256,12
666.866666666698,256,12
699.766666666721,256,12
867.166666666686,256,12
941.733333333395,256,12
1055.60000000003,256,12
1267.43333333335,256,12
1317.43333333335,256,12
1366.29999999999,256,12
1395.93333333341,256,12
1427.16666666669,256,12
1460.5,256,12
1481.53333333338,256,12
1590.93333333335,256,12
2435.06666666671,256,12
2588,256,12
2592.33333333337,256,12
2637.79999999999,256,12
2651.26666666672,256,12
2667.26666666666,256,12
2809.33333333337,256,12
2829.63333333336,256,12
-723.899999999965,1,13
26.766666666721,1,13
51.8000000000466,1,13
149.600000000093,1,13
204.133333333419,1,13
478.166666666686,1,13
492.666666666686,1,13
547.166666666744,1,13
583.533333333384,1,13
1174.86666666676,1,13
1205.00000000006,1,13
1288.90000000008,1,13
2147.63333333336,1,13
2188.3666666667,1,13
2574.26666666672,1,13
-436.066666666768,2,13
1166.49999999994,2,13
1917.89999999991,2,13
2131.49999999988,2,13
2145.1999999999,2,13
2826.09999999992,2,13
-879.733333333279,4,13
-858.066666666651,4,13
1582.80000000005,4,13
2042.8666666667,4,13
2097.63333333342,4,13
2874.46666666667,4,13
-250.899999999965,8,13
-80.5666666665929,8,13
1551.76666666678,8,13
2180.10000000009,8,13
2294.93333333341,8,13
2313.36666666676,8,13
2400.53333333338,8,13
2411.63333333336,8,13
2504.90000000008,8,13
2511.96666666673,8,13
2678.53333333338,8,13
2697.70000000007,8,13
2734.2333333334,8,13
2892.56666666677,8,13
2903.96666666673,8,13
-209.833333333314,16,13
-162.133333333302,16,13
2106.30000000005,16,13
2699.96666666667,16,13
-993.900000000023,32,13
-980.200000000012,32,13
-299.299999999988,32,13
153.433333333291,32,13
184.5,32,13
941.800000000047,32,13
1405.16666666663,32,13
1426.86666666664,32,13
1735.16666666669,32,13
1799.53333333338,32,13
2565.23333333334,32,13
2617,32,13
2656.16666666669,32,13
2718.80000000005,32,13
-57.7000000000116,64,13
203.200000000012,64,13
972.400000000023,64,13
1350.26666666666,64,13
1556.23333333334,64,13
1563.83333333331,64,13
1569.93333333335,64,13
1572.59999999998,64,13
2406.79999999999,64,13
-576.13333333336,128,13
-524.366666666698,128,13
-485.200000000012,128,13
-422.566666666651,128,13
465.766666666663,128,13
524.5,128,13
764.333333333314,128,13
777.066666666651,128,13
1543.79999999999,128,13
-955.966666666616,256,13
-841.133333333302,256,13
-822.699999999953,256,13
-735.533333333326,256,13
-724.433333333349,256,13
-631.166666666628,256,13
-624.099999999977,256,13
-457.533333333326,256,13
-438.36666666664,256,13
-401.833333333314,256,13
-243.499999999942,256,13
-232.099999999977,256,13
-39.7666666666046,256,13
524.000000000058,256,13
603.766666666721,256,13
734.400000000023,256,13
979.900000000023,256,13
1177.66666666669,256,13
1273.83333333337,256,13
2936.8666666667,256,13
2984.56666666671,256,13
-482.133333333302,1,14
-451.899999999965,1,14
-24.8333333333721,1,14
-0.53333333338378,1,14
12.5666666666511,1,14
28.7999999999884,1,14
485.899999999965,1,14
2144.53333333333,1,14
2199.29999999999,1,14
2430.96666666667,1,14
-977.766666666779,2,14
-937.033333333442,2,14
-551.133333333419,2,14
28.8666666665813,2,14
919.766666666605,2,14
1753.43333333323,2,14
1787.46666666662,2,14
2047.53333333327,2,14
2070.89999999991,2,14
2088.39999999991,2,14
2143.46666666656,2,14
2272.16666666657,2,14
2297.16666666663,2,14
2305.1999999999,2,14
2386.16666666657,2,14
2464.93333333323,2,14
2674.39999999991,2,14
2698.39999999991,2,14
2734.43333333323,2,14
2857.96666666656,2,14
-997.899999999907,4,14
-869.199999999895,4,14
-844.199999999837,4,14
-836.16666666657,4,14
-755.199999999895,4,14
-676.433333333232,4,14
-466.966666666558,4,14
-442.966666666558,4,14
-406.933333333232,4,14
-283.399999999907,4,14
2041.53333333344,4,14
2178.1666666668,4,14
2490.46666666679,4,14
2496.13333333348,4,14
2726.10000000009,4,14
2742.8000000001,4,14
-947.199999999895,8,14
-634.899999999907,8,14
-629.233333333221,8,14
-399.266666666605,8,14
-382.566666666593,8,14
2032.8000000001,8,14
2240.50000000006,8,14
2258.46666666673,8,14
2465.10000000009,8,14
-980.833333333314,16,14
-926.066666666651,16,14
-694.399999999965,16,14
130.100000000035,16,14
2070.70000000001,16,14
2122.6333333333,16,14
2156.90000000002,16,14
2167.06666666671,16,14
2210.86666666664,16,14
2471.80000000005,16,14
2567.8666666667,16,14
2659.83333333337,16,14
-913.033333333326,32,14
-349.233333333279,32,14
1200.13333333336,32,14
1210.66666666674,32,14
1772.73333333334,32,14
1832.8666666667,32,14
1866.23333333334,32,14
1897.8666666667,32,14
2061.20000000001,32,14
2653.93333333341,32,14
2684.16666666674,32,14
-928.566666666709,64,14
-594.000000000058,64,14
843.499999999942,64,14
1886.29999999993,64,14
2122.96666666662,64,14
2459.2666666666,64,14
-997.066666666768,128,14
-660.766666666779,128,14
1525.43333333323,128,14
2222.99999999988,128,14
2786.79999999993,128,14
-884.900000000023,256,14
-866.933333333349,256,14
-660.299999999988,256,14
-44.0999999999767,256,14
23.6666666666861,256,14
274.766666666663,256,14
620.799999999988,256,14
780.700000000012,256,14
784.700000000012,256,14
1369.93333333335,256,14
1410.96666666667,256,14
2191.46666666667,256,14
2526.03333333333,256,14
-979.133333333186,1,15
-968.9666666665,1,15
-925.16666666657,1,15
-664.233333333163,1,15
-568.166666666511,1,15
-476.199999999837,1,15
12.7000000001863,1,15
23.6333333334769,1,15
1377.0333333335,1,15
1766.76666666678,1,15
-489.666666666686,2,15
2106.53333333333,2,15
2195.5,2,15
2103.20000000007,4,15
2159.90000000008,4,15
2221.33333333343,4,15
2294.20000000007,4,15
-719.933333333291,8,15
-234.566666666651,8,15
-38.6666666666279,8,15
382.566666666651,8,15
1207.16666666669,8,15
2147.79999999999,8,15
2187.93333333329,8,15
2207.60000000003,8,15
2232.20000000001,8,15
2283.83333333337,8,15
2679.73333333334,8,15
2690.73333333334,8,15
2779.76666666666,8,15
2993.76666666666,8,15
-946.633333333419,16,15
-749.933333333465,16,15
-545.533333333442,16,15
96.4999999999418,16,15
1861.49999999994,16,15
1870.09999999992,16,15
2098.1999999999,16,15
2553.59999999992,16,15
2917.89999999991,16,15
-992.133333333244,32,15
-930.699999999895,32,15
-857.833333333256,32,15
-34.0333333332674,32,15
1493.30000000005,32,15
1694.26666666672,32,15
2205.40000000008,32,15
2402.10000000003,32,15
2606.50000000006,32,15
-587.800000000047,64,15
-223.500000000058,64,15
655.599999999919,64,15
1015.09999999998,64,15
1039.46666666662,64,15
1246.7666666666,64,15
1247.7666666666,64,15
2635.69999999995,64,15
-935.199999999953,128,15
392.13333333336,128,15
399.700000000012,128,15
1223.2333333334,128,15
1277.70000000001,128,15
1440.96666666667,128,15
1559.06666666671,128,15
2426.76666666672,128,15
2912.13333333336,128,15
-972.266666666605,256,15
-932.133333333302,256,15
-912.466666666558,256,15
-887.866666666581,256,15
-836.233333333221,256,15
-440.333333333256,256,15
-429.333333333256,256,15
-340.29999999993,256,15
-126.29999999993,256,15
-29.3999999999069,256,15
28.3333333334303,256,15
780.166666666744,256,15
-131.266666666663,1,16
25.4666666666162,1,16
40.6333333333023,1,16
168.399999999965,1,16
1260.2666666666,1,16
1287.59999999998,1,16
1455.96666666662,1,16
1639.23333333328,1,16
1668.16666666663,1,16
1864.2666666666,1,16
2147.29999999999,1,16
2324.46666666667,1,16
2327.03333333333,1,16
2470.43333333329,1,16
2553.43333333329,1,16
2640.83333333331,1,16
2736.6333333333,1,16
2852.5,1,16
-918.63333333336,2,16
-780.633333333419,2,16
-615.066666666709,2,16
-610.333333333372,2,16
-201.70000000007,2,16
-172.533333333384,2,16
-76.0333333333838,2,16
1213.6999999999,2,16
1374.5,2,16
1569.29999999999,2,16
1862.39999999997,2,16
2179.2666666666,2,16
2334.29999999993,2,16
-951.799999999872,4,16
-124.09999999986,4,16
2220.20000000013,4,16
2380.93333333347,4,16
2563.83333333343,4,16
2712.36666666681,4,16
-956.766666666605,8,16
-801.733333333279,8,16
2388.06666666671,8,16
2456.46666666673,8,16
-495.199999999895,16,16
-468.699999999895,16,16
-410.266666666605,16,16
9.26666666672099,16,16
933.733333333395,16,16
1260.76666666678,16,16
1337.63333333342,16,16
1381.73333333345,16,16
1742.86666666676,16,16
1761.73333333345,16,16
1828.70000000007,16,16
2003.13333333342,16,16
2189.60000000009,16,16
19.733333333279,32,16
1485.99999999994,32,16
2102.89999999997,32,16
2141.23333333328,32,16
2178.33333333331,32,16
2189.66666666663,32,16
-905.166666666511,64,16
-744.433333333174,64,16
-561.533333333209,64,16
-412.999999999825,64,16
-33.5666666664765,64,16
42.6666666668607,64,16
45.5000000001164,64,16
55.7000000001281,64,16
140.833333333489,64,16
205.333333333489,64,16
244.5333333335,64,16
265.40000000014,64,16
584.800000000163,64,16
751.433333333465,64,16
876.800000000105,64,16
1647.46666666679,64,16
1674.13333333348,64,16
1784.46666666679,64,16
1901.70000000013,64,16
1983.20000000013,64,16
2206.73333333351,64,16
2344.73333333345,64,16
2510.30000000016,64,16
2515.0333333335,64,16
2923.6666666668,64,16
2952.83333333349,64,16
-972.733333333395,128,16
-795.566666666709,128,16
-793.000000000058,128,16
-649.600000000093,128,16
-566.600000000093,128,16
-479.20000000007,128,16
-383.400000000081,128,16
-267.533333333384,128,16
1162.96666666662,128,16
1559.33333333326,128,16
1650.46666666662,128,16
1654.99999999994,128,16
1669.29999999993,128,16
2102.46666666662,128,16
-979.033333333267,256,16
-967.699999999953,256,16
-24.1333333332441,256,16
378.500000000058,256,16
393.13333333336,256,16
1042.56666666671,256,16
1165.5,256,16
1483.46666666667,256,16
1550.43333333341,256,16
1827.8666666667,256,16
1951.3666666667,256,16
2635.50000000006,256,16
2662.00000000006,256,16
2720.43333333335,256,16
1343.99999999994,1,17
1500.43333333329,1,17
1710.06666666665,1,17
2237.1333333333,1,17
2547.43333333329,1,17
-959.766666666663,2,17
-666.733333333337,2,17
1015.5,2,17
1471.93333333329,2,17
1702.56666666665,2,17
1835.63333333336,2,17
1870.79999999999,2,17
1879.63333333336,2,17
2209.56666666665,2,17
2572.13333333336,2,17
2804.8666666667,2,17
-217.266666666605,4,17
11.9333333333489,4,17
-477.699999999837,8,17
712.000000000175,8,17
768.733333333454,8,17
1998.1666666668,8,17
2924.10000000015,8,17
-937.166666666628,16,17
-574.599999999919,16,17
-341.866666666581,16,17
-19.3999999999069,16,17
1396.26666666672,16,17
2062.26666666672,16,17
2160.50000000006,16,17
2526.43333333335,16,17
1900.59999999998,32,17
2165.59999999998,32,17
2458.6333333333,32,17
-196.033333333326,64,17
-193.233333333337,64,17
-183.900000000023,64,17
-166.366666666698,64,17
157.099999999977,64,17
1236.1333333333,64,17
1446.29999999999,64,17
1460.20000000001,64,17
1972.8666666667,64,17
1987.53333333333,64,17
2044.89999999997,64,17
2065.39999999997,64,17
2653.03333333333,64,17
-731.999999999942,128,17
-663.599999999919,128,17
386.466666666733,128,17
524.200000000128,128,17
-964.866666666581,256,17
-598.933333333291,256,17
3.66666666674428,256,17
162.900000000081,256,17
264.700000000128,256,17
268.566666666768,256,17
524.333333333372,256,17
1042.8000000001,256,17
1546.96666666679,256,17
2940.00000000012,256,17
2942.8000000001,256,17
2952.13333333342,256,17
2969.66666666674,256,17
-729.63333333336,1,18
-682.566666666651,1,18
-577.433333333349,1,18
-346.733333333337,1,18
-319.200000000012,1,18
-124.466666666674,1,18
44.4000000000233,1,18
141.433333333349,1,18
166.63333333336,1,18
515.233333333337,1,18
788.533333333326,1,18
1237,1,18
1513.46666666667,1,18
2079.8666666667,1,18
2214.00000000006,1,18
2727.40000000002,1,18
2849.56666666665,1,18
-922.066666666593,2,18
-408.666666666628,2,18
-286.5,2,18
23.4666666666744,2,18
1265.13333333336,2,18
1404.83333333337,2,18
2139.76666666666,2,18
2388.96666666673,2,18
2398.40000000002,2,18
2435.46666666667,2,18
2581.3666666667,2,18
2583.66666666669,2,18
2675.60000000003,2,18
2871.10000000003,2,18
2882.83333333337,2,18
2947.03333333338,2,18
-862.733333333454,4,18
-756.600000000151,4,18
-604.633333333477,4,18
-374.800000000163,4,18
29.3333333331975,4,18
417.266666666546,4,18
473.499999999884,4,18
1155.33333333326,4,18
1594.39999999985,4,18
2102.93333333317,4,18
2117.1999999999,4,18
2146.26666666655,4,18
2246.89999999991,4,18
2291.79999999987,4,18
2518.36666666652,4,18
2734.76666666655,4,18
-641.899999999965,8,18
-574.099999999919,8,18
-20.8333333332557,8,18
1754.76666666666,8,18
2033.26666666666,8,18
2076.16666666669,8,18
2119.33333333343,8,18
2159.53333333333,8,18
2340.16666666674,8,18
2526.46666666667,8,18
-985.599999999977,16,18
-736.399999999907,16,18
-726.966666666616,16,18
-689.899999999965,16,18
-543.999999999942,16,18
-541.699999999953,16,18
-449.766666666605,16,18
-254.266666666605,16,18
-242.533333333267,16,18
-178.333333333256,16,18
1333.93333333335,16,18
1412.03333333338,16,18
1780.8666666667,16,18
1797.76666666672,16,18
1813.46666666667,16,18
2273.30000000005,16,18
2379.43333333335,16,18
2531.40000000002,16,18
2761.23333333334,16,18
-911.966666666674,32,18
461.099999999977,32,18
812.433333333291,32,18
827.166666666628,32,18
1161.86666666658,32,18
1662.83333333326,32,18
1673.2666666666,32,18
1700.79999999993,32,18
1773.49999999994,32,18
2406.39999999991,32,18
2453.46666666662,32,18
2558.59999999992,32,18
2789.29999999993,32,18
2816.83333333326,32,18
-984.466666666616,64,18
-883.833333333256,64,18
-838.933333333291,64,18
-612.36666666664,64,18
-395.966666666616,64,18
-62.2666666666046,64,18
-18.0999999999767,64,18
53.7333333333954,64,18
60.9333333334071,64,18
179.933333333407,64,18
396.600000000093,64,18
526.266666666721,64,18
533.433333333407,64,18
566.433333333407,64,18
796.566666666709,64,18
988.000000000058,64,18
1023.80000000005,64,18
1432.7333333334,64,18
1455.56666666677,64,18
2082.80000000005,64,18
2097.2333333334,64,18
2504.80000000005,64,18
2572.60000000009,64,18
-530.16666666657,128,18
-422.566666666593,128,18
-307.933333333291,128,18
41.266666666721,128,18
53.5666666667676,128,18
106.333333333372,128,18
111.033333333384,128,18
286.100000000093,128,18
1032.36666666676,128,18
1240.70000000007,128,18
1328.83333333343,128,18
1576.30000000005,128,18
1621.00000000012,128,18
1911.36666666676,128,18
1970.20000000007,128,18
2218.73333333345,128,18
-888.233333333337,256,18
-577.933333333349,256,18
284.966666666674,256,18
441.666666666686,256,18
503.766666666663,256,18
654.066666666651,256,18
664.033333333267,256,18
758.899999999965,256,18
823.399999999965,256,18
1268.73333333334,256,18
1389.19999999995,256,18
1518.76666666666,256,18
1766.69999999995,256,18
1957.36666666664,256,18
2595.23333333334,256,18
2702.83333333331,256,18
2817.46666666662,256,18
-834.933333333523,1,19
-742.900000000198,1,19
-733.466666666791,1,19
-711.966666666849,1,19
-665.666666666861,1,19
-594.700000000244,1,19
-561.066666666884,1,19
-329.666666666861,1,19
32.9999999997672,1,19
179.333333333139,1,19
340.566666666535,1,19
605.4666666665,1,19
721.533333333093,1,19
1593.76666666649,1,19
1657.1999999999,1,19
2596.13333333313,1,19
2674.4666666665,1,19
-844.299999999814,2,19
-769.366666666581,2,19
-735.133333333069,2,19
-416.433333333232,2,19
-161.033333333209,2,19
27.7000000001863,2,19
198.566666666768,2,19
1015.63333333354,2,19
1176.40000000014,2,19
1309.80000000028,2,19
1323.06666666677,2,19
1423.63333333354,2,19
1616.83333333349,2,19
1622.26666666684,2,19
1634.26666666684,2,19
1636.56666666677,2,19
1693.03333333344,2,19
1712.43333333347,2,19
1878.66666666686,2,19
1984.36666666681,2,19
2078.73333333351,2,19
2324.13333333354,2,19
2413.00000000012,2,19
2526.03333333356,2,19
2780.93333333347,2,19
-670.999999999884,4,19
-281.166666666395,4,19
-229.733333333163,4,19
-115.566666666418,4,19
-96.933333333116,4,19
1381.36666666681,4,19
1786.40000000014,4,19
2151.56666666688,4,19
2260.76666666684,4,19
2425.56666666688,4,19
2917.53333333356,4,19
2961.70000000019,4,19
-699.866666666581,8,19
-504.09999999986,8,19
-463.333333333256,8,19
-455.233333333279,8,19
-442.666666666628,8,19
-134.133333333186,8,19
-103.833333333256,8,19
1786.46666666667,8,19
2281.10000000009,8,19
2356.03333333333,8,19
2390.26666666684,8,19
2708.96666666667,8,19
2964.3666666667,8,19
-523.933333333232,16,19
-445.59999999986,16,19
35.3333333334886,16,19
999.966666666791,16,19
1113.43333333347,16,19
1386.83333333349,16,19
1466.00000000017,16,19
1645.80000000016,16,19
1654.0333333335,16,19
1689.26666666678,16,19
2046.26666666678,16,19
2055.20000000013,16,19
2092.60000000003,16,19
2465.03333333338,16,19
2854.86666666687,16,19
2906.3000000001,16,19
-979.133333333302,32,19
-869.933333333349,32,19
-705.133333333302,32,19
-213.166666666628,32,19
-169,32,19
-44.6333333334187,32,19
-35.0999999999767,32,19
-12.5999999999767,32,19
12.3000000000466,32,19
295.833333333256,32,19
429.433333333349,32,19
474.966666666674,32,19
768.833333333372,32,19
1025.69999999995,32,19
1161.26666666672,32,19
1439.83333333326,32,19
1510.59999999998,32,19
1929.56666666665,32,19
2324.43333333335,32,19
2387.90000000002,32,19
2506.13333333342,32,19
2511.90000000002,32,19
2587.40000000002,32,19
2837.90000000002,32,19
-960.766666666837,64,19
-113.700000000186,64,19
173.599999999744,64,19
319.099999999744,64,19
690.566666666535,64,19
840.466666666442,64,19
1025.99999999977,64,19
1224.79999999981,64,19
1412.39999999979,64,19
1420.23333333316,64,19
1658.13333333319,64,19
2446.83333333314,64,19
2642.59999999986,64,19
2683.36666666646,64,19
2691.46666666644,64,19
2704.03333333309,64,19
-965.833333333314,128,19
-785.199999999895,128,19
-598.899999999965,128,19
-13.0999999999185,128,19
8.60000000009313,128,19
277.200000000128,128,19
453.000000000116,128,19
681.666666666744,128,19
1097.53333333344,128,19
1176.60000000015,128,19
1746.90000000008,128,19
1821,128,19
2311.76666666672,128,19
2403.80000000005,128,19
2413.23333333345,128,19
2434.7333333334,128,19
2481.03333333338,128,19
2552,128,19
2585.63333333336,128,19
2817.03333333338,128,19
-806.300000000047,256,19
-742.833333333372,256,19
-624.599999999977,256,19
-618.833333333372,256,19
-543.333333333372,256,19
-292.833333333372,256,19
1.33333333337214,256,19
6.26666666660458,256,19
275.399999999907,256,19
840.633333333302,256,19
863.866666666698,256,19
908.366666666581,256,19
957.466666666558,256,19
1373.29999999993,256,19
1415.69999999995,256,19
1450.03333333321,256,19
1593.06666666665,256,19
1606.43333333335,256,19
1902.29999999993,256,19
2196.59999999998,256,19
-941.966666666674,1,20
-296.5,1,20
-39.1666666666279,1,20
44.266666666721,1,20
2090.23333333328,1,20
2671.56666666677,1,20
-893.566666666535,2,20
-772.566666666651,2,20
-328.899999999907,2,20
-297.733333333279,2,20
40.8666666668141,2,20
62.3000000000466,2,20
477.333333333372,2,20
1778.80000000005,2,20
2060.10000000009,2,20
2377.96666666667,2,20
2719.40000000014,2,20
-464.466666666442,4,20
-84.5999999998603,4,20
2868.26666666684,4,20
-992.699999999721,8,20
-928.233333333046,8,20
-369.099999999744,8,20
-99.6666666665114,8,20
0.800000000279397,8,20
2108.43333333358,8,20
2949.40000000026,8,20
-758.066666666535,16,20
-416.633333333069,16,20
1227.53333333344,16,20
2630.13333333354,16,20
-186.666666666744,32,20
11.699999999837,32,20
1128.79999999993,32,20
1750.26666666649,32,20
1868.66666666663,32,20
2194.06666666653,32,20
2839.53333333321,32,20
-489.933333333349,64,20
42.8999999999069,64,20
44.4000000000233,64,20
229.233333333395,64,20
328.933333333349,64,20
648,64,20
2016.23333333328,64,20
2880.43333333323,64,20
-271.600000000093,128,20
387.066666666651,128,20
419.466666666674,128,20
502.066666666651,128,20
1390.6333333333,128,20
1495.6333333333,128,20
1947.06666666677,128,20
2127.33333333337,128,20
2191.80000000005,128,20
2750.93333333335,128,20
-806.566666666651,256,20
-717.70000000007,256,20
-604.666666666628,256,20
-349.766666666721,256,20
205.966666666674,256,20
264.633333333302,256,20
291.199999999953,256,20
309.833333333372,256,20
579.866666666698,256,20
776.133333333302,256,20
823.266666666605,256,20
834.199999999953,256,20
883.5,256,20
1079.16666666663,256,20
1174.20000000007,256,20
1214.76666666672,256,20
1279.1333333333,256,20
1301.79999999993,256,20
1437.19999999995,256,20
1543.96666666667,256,20
1811,256,20
2002.83333333337,256,20
2231.80000000005,256,20
2352.79999999993,256,20
2796.46666666667,256,20
2827.6333333333,256,20
